Name,Details,Location,Image_URL,Tag
สวนสนุกดรีมเวิลด์,"คงไม่มีใครไม่รู้จัก สวนสนุกดรีมเวิลด์ สวนสนุกใกล้กรุงเทพฯ ย่านคลอง 3 โลกแห่งความสุขสนุกได้ทั้งครอบครัว สนุกสนานไปกับเครื่องเล่นนานาชนิด อาทิ ทอร์นาโด, ไวกิ้งส์, เฮอริเคน, สกายโคสเจอร์, แกรนด์แคนยอน, ซูเปอร์สแปลช, รถบั๊ม, ปราสาทผีสิง, เคเบิ้ลคาร์ เป็นต้น สัมผัสบรรยากาศหิมะที่เมืองหิมะ ตื่นตาตื่นใจไปกับ 4D แอดเวนเจอร์, ฮอลีวู้ด แอคชั่น และเอเลี่ยน เด็กๆ ไม่ต้องห่วง เพราะที่นี่เค้ามีเครื่องเล่นสำหรับเด็กบริการ ไม่ว่าจะเป็นปลาบิน หนูลมกรด เรืออินเดียนแดง รถด่วนอวกาศ และอีกมากมาย ภายในมีจุดถ่ายรูปเยอะมาก สามารถแวะได้ตลอดทาง อีกทั้งยังมีร้านค้า ร้านอาหาร และร้านจำหน่ายของที่ระลึกคอยให้บริการ ทำให้สามารถสนุกสนานอยู่ที่นี่ได้ทั้งวันเลยล่ะ",เลขที่ 62 หมู่ 1 ถนนรังสิต-นครนายก ต.บึงยี่โถ อ.ธัญบุรี จ.ปทุมธานี 12130,https://mpics.mgronline.com/pics/Images/564000012214701.JPEG,สถานที่ท่องเที่ยว
ณ ปทุม คาเฟ่,"คาเฟ่กลางทุ่งนาที่โอบล้อมด้วยต้นตาล ให้ฟีลธรรมชาติสุด ๆ กับ ณ ปทุม คาเฟ่ การตกแต่งแบบเรียบง่ายสไตล์กระท่อมปลายนา มีทางเดินสะพานไม้ไผ่ทอดยาวให้สามารถเดินชมวิว ถ่ายรูปเล่นได้อย่างทั่วถึง ทางด้านที่นั่งที่นี่มีบริการทั้งแบบ Indoor นั่งตากแอร์เย็น ๆ และ Outdoor นั่งรับลมริมทุ่งนาเพลิน ๆ ส่วนทางด้านอาหารก็มีให้เลือกทานทั้งอาหารจานหลัก, เบเกอรี่ และ เครื่องดื่ม ที่ราคาเป็นมิตรสุด ๆ ว่ากันว่าอาหารใต้ของที่นี่อร่อยมาก และไฮไลต์ที่ทำให้คนเยอะในทุกวันหยุด คือ รถไฟจิ๊ว ที่จะพาคุณชมวิวบรรยากาศทุ่งนาที่เบื้องหลังเต็มไปด้วยดงต้นตาลที่สวยงามมาก นั่งกันไปชิลล์ๆ เพลิน ๆ เลยล่ะ รถไฟขบวนนี้สามารถนั่งได้ทั้งเด็กและผู้ใหญ่เลยด้วยนะ ครีเอทสุด ๆ นักท่องเที่ยวต่างให้ความสนใจแห่กันมาเพื่อที่จะนั่งรถไฟจิ๊วกันจำนวนมาก วันหยุดนี่ถึงขั้นต้องต่อแถวรอกันเลยทีเดียว แต่ก็ไม่ต้องกลัวเบื่อ เพราะที่นี่มีมุมถ่ายรูปมากมาย เดินถ่ายเล่น ฆ่าเวลารอคิวรถไฟได้สบายเลย แอบบอกอีกอย่างว่า ที่นี่เป็นอีกสถานที่ที่ชมพระอาทิตย์ตกวิวต้นตาลสวยมากเลยนะ",เลขที่ 99/10 ถนน.347 ทางคู่ขนาน ต.บ้านกลาง อ.เมืองปทุมธานี จ.ปทุมธานี 12000,https://s.isanook.com/tr/0/ui/287/1436109/326387579_852383812485880_6777828871055324190_n.jpg,คาเฟ่
วัดโบสถ์,วัดโบสถ์ เดิมใช้ชื่อว่า วัดสร้อยนางหงษ์ เป็นวัดโบราณตั้งแต่สมัยกรุงศรีอยุธยา มีขนาดใหญ่อันดับต้น ๆ ของจังหวัด ตั้งอยู่ริมแม่น้ำเจ้าพระยา สร้างโดยชาวมอญที่อพยพมาจากเมืองหงสาวดีประเทศพม่า พระพุทธรูปองค์สำคัญของวัด คือ หลวงพ่อเหลือ พระพุทธรูปปางมารวิชัยสร้างด้วยศิลาทราย ซึ่งเป็นพระพุทธรูปเพียงองค์เดียวที่ยังคงเหลืออยู่อย่างสมบูรณ์ จากเหตุการณ์โจรลักลอบตัดเศียรพระ ในปี พ.ศ.2507 จึงได้รับการนับถือเป็นพระคู่บ้านคู่เมืองของชาวปทุมธานีนับแต่นั้นมา โดดเด่นไปด้วยพระพุทธรูปองค์ใหญ่ตระการตา อย่าง “หลวงพ่อโต พรหมรังสี” ความสูง 28 เมตร ปางค์เทศนาธรรมองค์ใหญ่ที่สุดในไทย จนเรียกกันติดปากว่า “วัดหลวงพ่อโตองค์ใหญ่” และ “หลวงพ่อโสธรองค์ใหญ่” ที่ผู้คนให้ความสนใจและเข้ามากราบสักการะกันเป็นจำนวนมาก นอกจากนี้บริเวณวัดฝั่งริมแม่น้ำนอกจากจะเป็นที่ให้อาหารปลาขนาดใหญ่แล้ว ยังเป็นที่ตั้งของตลาดวิถีชีวิตริมแม่น้ำเจ้าพระยาของชาวบ้านในพื้นที่อีกด้วย มีของกินทั้งคาวและหวานมากมายที่พร้อมให้ทุกท่านได้เข้ามาเลือกชอป เรียกว่าอิ่มทั้งบุญอิ่มทั้งท้อง ครบจบในที่เดียวเลยล่ะ,เลขที่ 15 หมู่ 1 บ้านท้ายดง ถนน.กาญจนาภิเษก ต.บางกระบือ อ.สามโคก จ.ปทุมธานี 12160,https://upload.wikimedia.org/wikipedia/commons/thumb/5/5c/%E0%B9%80%E0%B8%97%E0%B8%B5%E0%B9%88%E0%B8%A2%E0%B8%A7_%E0%B8%A7%E0%B8%B1%E0%B8%94%E0%B9%82%E0%B8%9A%E0%B8%AA%E0%B8%96%E0%B9%8C_%E0%B8%AB%E0%B8%A5%E0%B8%A7%E0%B8%87%E0%B8%9E%E0%B9%88%E0%B8%AD%E0%B9%82%E0%B8%95%E0%B8%AD%E0%B8%87%E0%B8%84%E0%B9%8C%E0%B9%83%E0%B8%AB%E0%B8%8D%E0%B9%88_%E0%B8%88.%E0%B8%9B%E0%B8%97%E0%B8%B8%E0%B8%A1%E0%B8%98%E0%B8%B2%E0%B8%99%E0%B8%B5.jpg/1024px-%E0%B9%80%E0%B8%97%E0%B8%B5%E0%B9%88%E0%B8%A2%E0%B8%A7_%E0%B8%A7%E0%B8%B1%E0%B8%94%E0%B9%82%E0%B8%9A%E0%B8%AA%E0%B8%96%E0%B9%8C_%E0%B8%AB%E0%B8%A5%E0%B8%A7%E0%B8%87%E0%B8%9E%E0%B9%88%E0%B8%AD%E0%B9%82%E0%B8%95%E0%B8%AD%E0%B8%87%E0%B8%84%E0%B9%8C%E0%B9%83%E0%B8%AB%E0%B8%8D%E0%B9%88_%E0%B8%88.%E0%B8%9B%E0%B8%97%E0%B8%B8%E0%B8%A1%E0%B8%98%E0%B8%B2%E0%B8%99%E0%B8%B5.jpg,วัด
ดงตาลสามโคก,สัมผัสวิถีชนบท ท่ามกลางทุ่งนาผืนใหญ่ ที่ดงตาลสามโคก แหล่งท่องเที่ยวทางธรรมชาติในอำเภอสามโคก ถือเป็นจุดวิวที่มีความสวยงามมาก ภาพที่เห็นเบื้องหน้าคือ ทุ่งนาสีเขียวขจี ต้นตาลสูงเรียงราย บวกกับท้องฟ้า แนะนำให้มาถ่ายรูปช่วงเช้า พระอาทิตย์ขึ้น หรือช่วงเย็น พระอาทิตย์ตกดิน ได้รูปสวย ๆ กลับไปแน่นอน เพราะท้องฟ้าจะเป็นสีเหลืองส้ม ซึ่งในแต่ละช่วงเดือน นาข้าวก็จะสลับกันไป ขึ้นอยู่กับฤดูข้าว เป็นผืนนาเปล่าบ้าง ผืนนาสีเขียว ผืนนาสีเหลือง (ออกรวง) และผืนนาเก็บเกี่ยว ใกล้ ๆ มี The Aileen Cafe คาเฟ่น่ารักริมนา สะพานไม้ทอดยาว เดินเล่นชมวิวได้ มีมุมถ่ายรูปเยอะ สามารถแวะไปนั่งจิบกาแฟ ทานขนมกันได้ บรรยากาศดีสุด ๆ,เลขที่ 39 หมู่ 3 ต.บางโพธิ์เหนือ อ.สามโคก จ.ปทุมธานี 12160,https://scontent.fbkk29-1.fna.fbcdn.net/v/t1.18169-9/26994090_1840026382676432_2435732735081388493_n.jpg?stp=dst-jpg_p180x540&_nc_cat=100&ccb=1-7&_nc_sid=13d280&_nc_ohc=G4ggWMSQhdkQ7kNvgFkBjR7&_nc_ht=scontent.fbkk29-1.fna&oh=00_AYB2JhQH-OSnMRNiSCOOjJyRoKRWAzmAoI1E0XPNuB3Iog&oe=67273BFC,สถานที่ท่องเที่ยว
ตลาดอิงน้ำสามโคก,ขับรถเลยดงตาลสามโคกมาหน่อย จะเจอกับตลาดอิงน้ำสามโคก ชุมชนเก่าริมคลองบางเตยและแม่น้ำเจ้าพระยา สามารถมาเดินเล่นหาของกิน ช็อปปิ้งของฝากได้ที่นี่ ตลาดใกล้กรุงเทพฯ ที่มาไม่ยาก เป็นตลาดเล็ก ๆ ที่มีเสน่ห์ในตัวเอง พาคุณสัมผัสวิถีชีวิตริมน้ำแบบเรียบง่ายของชาวบ้าน มีสินค้ามากมายให้คุณได้เลือกสรร เต็มไปด้วยร้านค้ามากมาย ทั้งของกิน ของใช้ และของเล่น วันหยุดว่าง ๆ ช่วงสุดสัปดาห์ เบื่อบ้าน เบื่อคอนโด ก็ขับรถตรงดิ่งมาที่นี่ได้เลย ใครที่ขับรถมาเอง สามารถจอดรถได้ที่วัดบางเตยนอกนะ,หมู่ 9 ต.บางเตย อ.สามโคก จ.ปทุมธานี 12160,https://mwsc.dit.go.th/backend/attach/tPqvGqnstdcc7MA.jpg,ตลาด
พิพิธภัณฑ์วิทยาศาสตร์แห่งชาติ คลองห้า,"เชื่อว่าหลาย ๆ คนคงจะเคยมากันแล้วล่ะ สำหรับพิพิธภัณฑ์วิทยาศาสตร์แห่งชาติ คลองห้า หรือที่เราเรียกสั้น ๆ กันว่า ตึกลูกเต๋า ประกอบไปด้วยพิพิธภัณฑ์ 4 แห่ง คือ  พิพิธภัณฑ์วิทยาศาสตร์, พิพิธภัณฑ์ธรรมชาติวิทยา, พิพิธภัณฑ์เทคโนโลยีสารสนเทศ และพิพิธภัณฑ์พระรามเก้า ดำเนินงานโดยกระทรวงการอุดมศึกษา วิทยาศาสตร์ วิจัยและนวัตกรรม เพื่อให้ผู้ที่สนใจ ได้เข้ามาศึกษาหาความรู้ทางด้านวิทยาศาสตร์ การกำเนิดโลก การกำเนิดสิ่งมีชีวิต เทคโนโลยีสารสนเทศ และอื่น ๆ ภายในมีนิทรรศการ แบบจำลอง, หุ่นจำลอง, การแสดงวิทยาศาสตร์, โดมดูดาว,ท้องฟ้าจำลอง, ห้องทดลอง และอีกมากมาย  เด็กยุค 90’s ต้องเคยมากันทุกคนแน่นอน เพราะทางโรงเรียนจะจัดให้มาทัศนศึกษากันเป็นประจำ แต่ถ้าได้มาเที่ยวชมอีกครั้งก็จะดีมากเลย หวนนึกถึงวันเก่า ๆ ที่มากับเพื่อนฝูง หรือหากใครยังไม่เคยมาล่ะก็ ต้องลองมาเที่ยวชมดู จะได้ความสนุกสนาน บวกกับรับความรู้ไปแบบเต็ม ๆ เลยล่ะ",เลขที่ 39 หมู่ 3 ต.คลองห้า อ.คลองหลวง จ.ปทุมธานี 12120,https://www.nsm.or.th/nsm/sites/default/files/inline-images/003.jpg,พิพิธภัณฑ์
พิพิธภัณฑ์พระรามเก้า,"พิพิธภัณฑ์พระรามเก้า ศูนย์กลางการเรียนรู้ด้านความหลากหลายของระบบนิเวศทั่วโลกแห่งแรกของไทย หนึ่งในพิพิธภัณฑ์ของอพวช. โครงการเนื่องในโอกาสมหามงคลฉลองพระชน 80 พรรษา ของรัชกาลที่ 9 ภายในจัดแสดงนิทรรศการและกิจกรรมที่แสดงถึงวิวัฒนาการของโลก สิ่งมีชีวิต ระบบนิเวศ และความหลากหลายทางชีวภาพ ในแต่ละภูมิภาคของโลก แบ่งออกเป็น 3 ส่วน หลัก ได้แก่ ส่วนที่ 1 บ้านของเรา (OUR HOME) นำเสนอเรื่อวราวตั้งแต่กำเนิดจักวาล ระบบสุริยะ โลก ไปจนถึงวิวัฒนาการของสิ่งมีชีวิต, ส่วนที่ 2 ชีวิตของเรา (OUR LIFE) บอกเล่าเรื่องราวระบบนิเวศของสิ่งมีชีวิตที่แตกต่างกันออกไปในแต่ละมุมโลก, ส่วนที่ 3 ในหลวงของเรา (OUR KING) จัดแสดงผลงานและพระราชดำริที่แสดงให้เห็นว่าพระบาทสมเด็จพระเจ้าอยู่หัว รัชกาลที่ 9 ทรงเป็นแบบอย่างที่ดีของนักวิทยาศาสตร์ เหมาะกับการพาเด็ก ๆ มาเที่ยวชมสุด ๆ ถือเป็นการให้ความรู้นอกห้องเรียนที่ดีมาก มั่นใจเลยว่าการจัดแสดงโซนต่าง ๆ ด้านในต้องเป็นที่ชื่นชอบของเด็ก ๆ แน่นอน",เลขที่ 39 หมู่ 3 ต.คลองห้า อ.คลองหลวง จ.ปทุมธานี 12120,https://mpics.mgronline.com/pics/Images/562000012448001.JPEG,พิพิธภัณฑ์
ตลาดสี่มุมเมือง,"ตลาดสี่มุมเมือง เป็นตลาดขายส่งผักผลไม้ขนาดใหญ่ รวมถึงสินค้าอื่นๆ ตั้งอยู่บนถนนพหลโยธิน ที่นี่ได้รวบรวมสินค้าหลากหลายอย่าง เหมาะสำหรับพ่อค้าแม่ค้าที่ต้องหาสินค้าไปจำหน่าย โดยปราศจากพ่อค้าคนกลาง แบ่งออกเป็นตลาดย่อยหลายตลาด อาทิ ตลาดผักทั่วไป, ตลาดผักพื้นบ้าน, ตลาดผักปรุงรส, ตลาดพืชไร่, ตลาดสด, ตลาดผักต่างประเทศ, ตลาดหอม กระเทียม พริกแห้ง, ตลาดทุเรียน ส้มโอ กล้วย ขนุน มะละกอ, ตลาดแตงโม, ตลาดมะม่วง, ตลาดผลไม้รวม, ตลาดดอกไม้, ตลาดสังฆภัณฑ์, ตลาดสินค้าแปรรูป, ตลาดขนม อาหารแห้ง, ตลาดปลาร้า ของดอง เป็นต้น นอกจากพ่อค้าแม่ค้าแล้ว ลูกค้าทั่วไปที่ต้องการซื้อปลีกก็สามารถเข้ามาซื้อได้เช่นกัน มีร้านขายปลีกบริการ จะได้สินค้าดี ราคาถูก ถูกใจใครหลายคนแน่นอน",เลขที่ 355/115-116 ถนนพหลโยธิน ต.คูคต อ.ลำลูกกา จ.ปทุมธานี 12130,https://www.brandbuffet.in.th/wp-content/uploads/2020/03/4-mummuang-market.jpg,ตลาด
ทุ่งนามอญบ้านบ่อทอง,"ทุ่งนามอญบ้านบ่อทอง แหล่งท่องเที่ยวเชิงเกษตรวิถีชุมชนชาวมอญและศูนย์การเรียนรู้เศรษฐกิจพอเพียง บนเนื้อที่กว่า 13 ไร่ ด้วยความตั้งใจของป้าต๋อย (ธัณย์จิรา อาจอุดมรัตน์) ที่เปลี่ยนจากที่ดินส่วนตัวให้กลายเป็นสถานที่ท่องเที่ยว โดยที่มีบ้านของตัวเองตั้งอยู่ในพื้นที่เลย น่ารักมาก ด้านในอัดแน่นไปด้วยกิจกรรมที่น่าสนใจมากมาย เช่น ชมโรงเรือนปลูกเมลอน, แปลงผักสวนครัว, ถีบเรือเป็ด, พายเรือชมสวนมะม่วงและสวนมะพร้าว, การเลี้ยงไส้เดือนดิน, ชมและเรียนรู้วิธีการเลี้ยงไก่สวรรค์, เดินชมทุ่งนา, ถ่ายรูปเล่นบนสะพานไม้ชิลล์ ๆ เป็นต้น หรือใครอยากเข้าถึงวิถีชีวิตชาวมอญแบบขั้นสุด ที่นี่เขามีบริการเช่าชุดใส่ถ่ายรูปตามจุดต่าง ๆ ภายในบริเวณด้วยนะคะ ราคาเพียง 50 บาท/ชุด เท่านั้น ร้านค้า ร้านอาหารก็มีพร้อมบริการอย่างครบคัน นอกจากนี้ยังมีผลิตภัณฑ์อาหารแปรรูปและของที่ระลึกแบบฉบับชาวมอญวางจำหน่ายด้วยนะคะ เป็นสถานที่ที่น่ารักและเรียบง่ายมาก เชื่อไหมละคะ ว่าถ้ามาแล้วต้องใช้เวลาจมอยู่ที่นี่ทั้งวันแน่นอน",บ้านบ่อทอง ต.คูขวาง อ.ลาดหลุมแก้ว จ.ปทุมธานี 12140,https://img.wongnai.com/p/1920x0/2019/06/27/19c719503802462c833140a332db18d7.jpg,สถานที่ท่องเที่ยวเชิงการเรียนรู้
วัดศาลเจ้า,ขอพรเซียนแปะโรงสี ที่วัดศาลเจ้า วัดเก่าแก่ในจังหวัดปทุมธานี ตั้งอยู่ใกล้กับแม่น้ำเจ้าพระยาและคลองเชียงราก ว่ากันว่าสร้างขึ้นในสมัยกรุงศรีอยุธยาตอนปลาย โดยเจ้านายน้อยมหาพรหม บุตรเจ้าเมืองฝ่ายเหนือ มีชื่อเสียงในเรื่องของเซียนแปะโรงสี ฆราวาสชาวจีน เชี่ยวชาญด้านพิธีกรรมตามความเชื่อจีน ผู้คนมักมาขอพรเรื่องการเงิน ค้าขายเจริญรุ่งเรือง และปลดหนี้ ท่านยังมียันต์ประจำตัว เรียกว่า ยันต์ฟ้าประทานพร ซึ่งได้รับความนิยมมากในหมู่นักธุรกิจ ภายในวัดมีโบสถ์ สร้างตามแบบเจดีย์รามัญ ประดิษฐานพระประธาน และวิหารจีน ประดิษฐานเจ้าพ่อปุงเถ่ากง และเจ้าพ่อวัดศาลเจ้า ประชาชนนิยมไปกราบไหว้เช่นกัน ใกล้ๆ มีตลาดน้ำวัดศาลเจ้า ของกินเยอะมาก รวมของดีปทุมไว้ที่นี่ ทำบุญไหว้เจ้าเสร็จ แวะไปเดินเล่นหาของกินกันได้ ตลาดริมน้ำวัดศาลเจ้าเปิดทุกวันไม่มีวันหยุดนะคะ,เลขที่ 2/1 หมู่ 3 ต.บ้านกลาง อ.เมือง จ.ปทุมธานี 12000,https://img.salehere.co.th/p/1200x0/2022/10/21/th8vjcrwtlnz.jpg,วัด
วัดเจดีย์หอย,วัดเจดีย์หอย แปลกตาด้วยเจดีย์หอยที่ตั้งอยู่ทางเข้าวัดและภายในวัด ซึ่งสร้างมาจากเปลือกหอยนางรมโบราณ อายุนับล้านปี วัดแห่งนี้ สร้างโดยหลวงพ่อทองกลึง เมื่อปี พ.ศ. 2538 หลังจากที่ท่านธุดงค์ในประเทศพม่า ได้ศึกษาวิชาจนแตกฉาน จึงกลับมาธุดงค์ที่อำเภอศรีสวัสดิ์ จังหวัดกาญจนบุรี ท่านได้นิมิตเห็นบริเวณที่ตั้งวัดเจดีย์หอยในปัจจุบัน เมื่อก่อนเป็นเมืองใหญ่ ชื่อรัตนาวดี ต่อมาท่านจึงเดินทางตามนิมิตจนพบ หลังจากนั้นโยมพ่อได้ซื้อที่ดินถวาย และเริ่มสร้างสำนักสงฆ์ ในขณะที่กำลังขุดบ่อเพื่อกักเก็บน้ำ ได้เจอซากหอยโบราณจำนานมาก จึงนำมาสร้างเป็นเจดีย์ เป็นที่มาของชื่อวัด ภายในวัดมีโบสถ์ ประดิษฐานหลวงพ่อชนะมาร เป็งองค์ประธาน และมีพิพิธภัณฑ์รวบรวมของเก่า ทั้งข้าวของเครื่องใช้ พระพุทธรูป โบราณวัตถุ และอื่นๆ ให้ได้ชมกันด้วย,เลขที่ 73 หมู่ 4 ต.บ่อเงิน อ.ลาดหลุมแก้ว จ.ปทุมธานี 12140,https://img.wongnai.com/p/1920x0/2018/07/09/bfc5d4a8512f472aa4d41a7a8af5de51.jpg,วัด
SUP Station Thailand,อากาศช่วงนี้เหมาะกับการมาเที่ยวแบบนี้มาก กับ SUP Station Thailand กิจกรรมคลายร้อนริมแม่น้ำเจ้าพระยา กิจกรรมหลัก ๆ ที่นี่จะมีให้เลือกเล่น 2 แบบนะคะ อย่างแรก คือ Sup Board ยืนทรงตัวพายไปแบบชิลล์ ๆ ชมวิวแม่น้ำแบบเพลิน ๆ ได้ฝึกทักษะการทรงตัวแล้วยังดูเท่อีก ถ่ายรูปออกมาสวยมาก ฟีลกู๊ดสุด ๆ ส่วนอีกกิจกรรมก็น่าสนใจไม่แพ้กัน คือ บอร์ดไฟฟ้า Efoil อันนี้สนุกมาก แล้วก็เท่มากด้วยเช่นกัน เหมือนเราลอยได้เลยทุกคน คล้ายการเล่นเซิร์ฟแต่ไม่มีคลื่นเราก็เล่นได้ เพราะมีรีโมทควบคุมที่เร่งสปีดความเร็วได้ตามชอบ เราแค่ยืนทรงตัวบังคับทิศทางเท่านั้นเอง เป็นกิจกรรมที่ผ่อนคลายมาก แนะนำเลยว่าควรมาลองสักครั้ง ใครที่อยากเล่นแต่เล่นไม่เป็นก็ไม่ต้องกลัวนะ ที่นี่เขามีครูฝึกคอยสอนก่อนลงเล่นทั้ง 2 กิจกรรมเลย ครูฝึกเป็นนักแข่งระดับประเทศอีกด้วยนะ แถมที่นี่ยังเป็น Pet Friendly สามารถพาเจ้าโบ้หรือเจ้าเหมียวของทุกคนมาทำกิจกรรมเพลิน ๆ สนุก ๆ ไปพร้อมกับเราได้เลย อีกอย่างคือมีช่างภาพคอยถ่ายรูปให้เราตลอดทั้งวัน รับรองว่าได้รูปสวย ๆ กลับบ้านไปด้วยแน่นอนค่ะ,เลขที่ 23 ต.บางหลวง อ.เมืองปทุมธานี จ.ปทุมธานี 12100,https://themomentum.co/wp-content/uploads/2018/10/TheMo_Web-Sup-960x720.png,สถานที่ท่องเที่ยว
วัดสายไหม,"วัดสายไหม วัดเก่าแก่ ที่สร้างขึ้นตั้งแต่ พ.ศ.2441 โดยการถวายที่ดินของหม่อมราชวงศ์หญิงน้อยและหม่อมหลวงนุ่ม ทางวัดค่อย ๆ สร้างเสนาสนะต่าง ๆ ขึ้นมาตามลำดับ ขยับขยายพื้นที่ให้เพียงพอต่อประชาชนมากขึ้น ภายในอุโบสถ มีพระพุทธชินราชจำลอง เป็นองค์ประธาน และพระพุทธโสธรจำลอง กับ รูปหล่อพระอธิการญัติ อุตตโม (อดีตเจ้าอาวาสองค์แรกของวัด) โดดเด่นด้วยความศักสิทธิ์ขององค์ท้าวเวชสุวรรณ เทพแห่งความมั่งคั่งร่ำรวย, อธิการบดีแห่งยักษ์,ท้าวจัตุโลกบาลผู้ดูแลโลก ปัจจุบัน ด้านหน้าวัดมีท้าวเวชสุวรรณให้กราบไหว้ถึง 4 องค์ ได้แก่ องค์ที่ 1 (สีแดง) เด่นเรื่องอำนาจ บารมี การหาเงิน, องค์ที่ 2 (สีเขียว) เด่นเรื่องการเก็บเงินที่หามาได้จากความบริสุจริต, องค์ที่ 3 (สีทอง) เด่นเรื่องสุขภาพ, องค์ที่ 4 (สีเงิน) เด่นเรื่องโชคลาภ สามารถเลือกกราบไหว้ตามสิ่งที่เราปราถนาจะขอพรได้เลยนะ หรือใครจะกราบทุกองค์ก็ทำได้ตามต้องการเลยค่ะ นอกจากนี้ หลวงพ่ออ๊อดองค์ปัจจุบัน ก็มีความโด่งดังมากเรื่องการฝังตะกรุดปืน ที่ช่วยให้แคลวคลาดปลอดภัยจากอันตราย ผู้คนจึงแห่มากราบไหว้หลวงพ่อเป็นจำนวนมากเช่นกัน อีกหนึ่งวัดศักสิทธิ์ที่อยูใกล้กทม.ไม่ควรพลาด แถมยังเดินทางมาง่ายสุด ๆ อยู่ห่างจาก BTS คูคต เพียง 1 กิโลเมตร เท่านั้น",เลขที่ 37 หมู่ 3 ถนน.ลำลูกกา ต.คูคต อ.ลำลูกกา จ.ปทุมธานี 12130,https://cms.dmpcdn.com/travel/2022/05/11/b365a860-d0d8-11ec-86d7-2f70af052f2f_webp_original.jpg,วัด
วัดดอนใหญ่,แวะชมความสวยงามของอุโบสถเงิน ในปทุมทอง ที่วัดดอนใหญ่ วัดสวยแถวคลอง 8 ลำลูกกา จุดเด่นของวัดนี้ คือ พระอุโบสถเงิน ทรงจตุรมุข ที่มีความวิจิตรงดงามมาก ภายในประดิษฐานพระประธานสีขาวองค์ใหญ่ นามว่า สมเด็จพระสุวรรณปทุมพุทธพจนวราภรณ์ หรือเรียกสั้นๆ ว่า หลวงพ่อใจดี ข้างๆ โบสถ์มีวิหารขนาดกลางที่รวบรวมสิ่งศักดิ์สิทธิ์ต่างๆ ไว้มากมาย ให้ผู้ที่ศรัทธาได้มาสักการะบูชา อาทิ เทพทันใจ ไอ้ไข่ พระพิฆเนศ พระพรหม พระแม่ธรณี พระพุทธรูปประจำวันเกิด องค์ท้าวจตุคามรามเทพ เป็นต้น เสร็จแล้วเข้าไปกราบไหว้หลวงพ่อปู่ดอนใหญ่ ที่วิหารหลวงพ่อปู่ดอนใหญ่ ปิดท้ายที่วังมัจฉา ทำทานให้อาหารปลา เพื่อความอิ่มอกอิ่มใจ,เลขที่ 7 หมู่ 9 ต.ลำลูกกา อ.ลำลูกกา จ.ปทุมธานี 12150,https://th.readme.me/f/37227/605df57af70258720c8a4ec8.jpg,วัด
"บ้าน 1,000 ไม้ Cafe & Farm","บ้าน 1,000 ไม้ Cafe & Farm จัดสรรค์พื้นที่ให้เป็นทั้งคาเฟ่ทั้งแหล่งท่องเที่ยวเชิงเกษตรที่เหมาะกับเด็กสุด ๆ บรรยากาศร่มรื่นริมคลอง เต้มไปด้วยไม้นานาพันธุ์ทั้งขนาดเล็ก ขนาดใหญ่ เหมาะกับวันชิลล์ ๆ สบาย ๆ โดยโซนคาเฟ่จะอยู่บริเวณตรงกลาง บริเวณรอบ ๆ ร้านจะเป็นโซนการทำกิจกรรมต่าง ๆ อาทิ การดำนา, การทำไข่เค็ม, ทำขนมเค้ก, ปลูกผัก, ปั้นดินเผาจิ๊ว, เพนท์ผ้ามัดย้อม, ระบายสี, พายเรือเล่นในคลอง, ชมสัตว์เกษตรในฟาร์ม เป็นต้น ส่วนทางด้านคาเฟ่ ก็มีทั้งเครื่องดื่มและอาหารมากมายทั้งคาว, หวาน รวมถึงอาหารเพื่อสุขภาพ ที่พร้อมให้บริการนักท่องเที่ยวในวันหยุดแบบแน่น ๆ ไม่ว่าคุณจะมาทำกิจกรรมหรือไม่ ที่นี่ก็คือสามารถเดินเล่นชมธรรมชาติได้ทั่วพื้นที่เลยนะคะ เป็นร้านที่น่ารัก เป็นกันเองมาก ๆ ให้ฟีลอบอุ่นเหมือนกลับมาเล่นที่บ้านต่างจังหวัดสุด ๆ",เลขที่ 48/8 หมู่ 6 ซ.บ่อขยะเทศบาล ต.บางเตย อ.สามโคก จ.ปทุมธานี 12160,https://www.gourmetandcuisine.com/Images/editor_upload/_editor20201014112917_original.jpg,คาเฟ่
ตลาดไท,"นอกจากตลาดสี่มุมเมืองแล้ว ปทุมธานียังมีตลาดขนาดใหญ่ที่น่าไปจับจ่ายใช้สอย ตลาดไท เป็นตลาดกลางส่งสินค้าเกษตรครบวงจร ตั้งอยู่บนถนนพหลโยธิน กม.42 เยื้องกับมหาวิทยาลัยธรรมศาสตร์  ภายในแบ่งเป็นตลาดย่อย 21 ตลาด มีสินค้ามากมายให้เลือกซื้อ ไม่ว่าจะเป็นผัก, ผลไม้, เนื้อสัตว์, อาหารทะเล, ข้าวสาร, พืชไร่, อาหารแห้ง, สินค้าเบ็ดเตล็ด, ดอกไม้, ต้นไม้ และสัตว์เลี้ยง เป็นต้น ซึ่งสินค้าจำพวกผัก ผลไม้ เนื้อสัตว์​และอาหารทะเล ก็จะมีแบ่งย่อยออกไปอีกตามชนิดของสินค้า ทำให้มีความเป็นระเบียบ สะดวกทั้งผู้ขายและผู้ซื้อ สามารถซื้อได้ทั้งแบบส่งและแบบปลีก โดยแบบปลีกจะมีจำหน่ายแค่บางร้านค้า ต้องเดินดูเรื่อย ๆ ใครที่ชอบกินผลไม้ แนะนำให้ไปที่นี่เลย มีให้เลือกสรรเพียบ",เลขที่ 31 หมู่ 9 ถนนพหลโยธิน ต.คลองหนึ่ง อ.คลองหลวง จ.ปทุมธานี 12120,https://image.posttoday.com/media/content/2019/12/17/8FF2BF165B8A44EC8C3E7F8AC8D8F6B0.jpg,ตลาด
Mini Zoo ธัญบุรี,"Mini Zoo ธัญบุรี หรือ เขาดิน คลองหก บนเนื้อที่กว่า 300 ไร่ ที่เปิดอย่างไม่เป็นทางการให้สามารถเข้าชมได้ฟรี ซึ่งคาดว่าจะสร้างแล้วเสร็จในปี พ.ศ.2568-2570 ด้านในมีสัตว์อยู่ประมาณ 7 ชนิด ได้แก่ นกกระเรียนไทย, แรคคูน, ริงเทลรีเมอร์, ลิงกระรอก, หนูยักษ์คาปิบาร่า, เต้ายักษ์ซูคาต้า และ เต่าบึงหัวเหลือง ในแต่ละโซนก็จะมีป้ายบอกทางและป้ายให้ความรู้เกี่ยวกับสัตว์ที่อาศัยอยู่ในบริเวณ ปัจจุบัน ทางสวนสัตว์กำลังค่อย ๆ จัดสรรค์พื้นที่เพิ่มมากขึ้น เพิ่มสัตว์เข้ามาเป็นสมาชิกของที่นี่อยู่เรื่อย ๆ เช่น ม้าแคระเชทแลนด์, เม่นใหญ่แผงคอยาว, ชะนีมือขาว, นกกระทุง, นกยูงอินเดีย เป็นต้น ทางด้านสิ่งอำนวยความสะดวก ก็มีแบ่งเป็นสัดส่วนทั้งร้านอาหาร ร้านขายเครื่องดื่ม ห้องน้ำตามจุดต่าง ๆ เพื่อรองรับนักท่องเที่ยวในอนาคต นอกจากนี้ด้านในยังมีศาลานั่งเล่นกระจายตัวอยู่หลายจุดและศาลาให้การเรียนรู้ ซึ่งเป็นศาลาที่ได้แนวคิดมาจาก”ก๋วยเตี๋ยวเรือรังสิต”นำเสนอ จัดแสดงภาพในอนาคตของสวนสัตว์ที่เสร็จสมบูรณ์แบบที่จะเกิดขึ้น ณ ที่นี่ในอีกไม่กี่ปีข้างหน้า ใครมีเวลาว่างในวันหยุด ลองแวะมาเที่ยวดูนะคะ",คลองหก ต.รังสิต อ.ธัญบุรี จ.ปทุมธานี 12110,https://static.thairath.co.th/media/dFQROr7oWzulq5Fa5KwI3u0qIHVGt4v1LOmUV3Bv3pFE5q7k7kG42LGnM94oE5XzLVD.jpg,สถานที่ท่องเที่ยว
วัดปัญญานันทาราม,วัดปัญญานันทาราม วัดชื่อดังที่สร้างขึ้นโดย “หลวงพ่อปัญญานันทภิกขุ” อดีตเจ้าอาวาสวัดชลประธานรังสฤษ์ ตั้งใจให้เป็นสถานที่ปฎิบัติธรรมและมรดกทางธรรม โดดเด่นด้วย เจดีย์พุทธคยาจำลอง ที่ถอดแบบมาจากประเทศอินเดีย มีลักษณะเป็นสีเทา ตรงกลางด้านหน้าเจดีย์มีบ่อน้ำสี่เหลี่ยมผืนผ้าขนาดเล็ก บริเวณกลางเจดีย์ด้านหน้าเป็นที่ประดิษฐาน รูปหล่อของหลวงพ่อปัญญา ว่ากันว่าบันไดเดินขึ้นเจดีย์ให้ความรู้สึกเหมือนได้เดินขึ้นสวรรค์เลยล่ะ สวยสดงดงามมาก และไฮไลต์อย่าง ภาพปริศนาธรรม 3 มิติ เกี่ยวกับอริยสัจ 4 หนึ่งเดียวในโลกที่จัดแสดงอยู่ทางด้านล่างของเจดีย์พุทธคยา มีทั้งหมด 29 ภาพ เปิดให้นักท่องเที่ยวเข้าชมอย่างใกล้ชิด สามารถถ่ายภาพได้ฟรี ซึ่งแต่ละภาพจะมีความหมายแฝงไปด้วยคติธรรมสอนใจ ถือเป็นอีกจุดน่าสนใจที่ทำให้ผู้คนเข้าถึงได้ง่ายและสนุกกับการมาเที่ยววัดกันมากขึ้น,เลขที่ 1 หมู่ 10 ซอย.วัดปัญญา ต.คลองหก อ.คลองหลวง จ.ปทุมธานี 12120,https://cms.dmpcdn.com/travel/2020/07/21/b28d0700-cb15-11ea-bbef-893f348e451c_original.jpg,วัด
วัดป่าคลอง 11,"มาต่อกันที่ วัดป่าคลอง 11 ด้วยความศักดิ์สิทธิ์ของวัดแห่งนี้ จนทำให้ผู้คนเรียกกันว่า คำชะโนด 2 โดดเด่นไปด้วยพระอุโบสถไม้กลางน้ำ ภายในประดิษฐานพระประธาน ถูกล้อมรอบด้วยองค์บริวารรูปปูนปั้นพญานาคแกะสลักขนาดใหญ่ 4 ตัว มีนามว่า อนันตนาคราช, มุจลินทร์นาคราช, ภุชงค์นาคราช และศรีสุทนาคราช เฝ้าอยู่บริเวณสะพาน อีกทั้งรอบสระน้ำรอบนอก 4 มุม ก็มีรูปปั้นพญานาคเช่นกัน ประชาชนนิยมไปกราบไหว้ขอพรองค์ปู่ศรีสุทโธและย่าศรีปทุมมา นอกจากนี้ ยังมีสิ่งศักดิ์สิทธิ์อื่นๆ ให้ได้กราบไหว้ อาทิ องค์พระพุทธชินราชจำลอง, แม่ตะเคียน พิมลวรรณ, พระสีวลี, เจ้าแม่กวนอิม เป็นต้น ใครที่นับถือพญานาคสามารถเดินทางมากราบไหว้ที่นี่ได้เลย ไม่ต้องไปไกลถึงอุดรธานี",เลขที่ 98 หมู่ 2 ต.บึงกาสาม อ.หนองเสือ จ.ปทุมธานี 12170,https://s.isanook.com/tr/0/ud/288/1441467/line_album_20766_230721_5.jpg?ip/resize/w728/q80/jpg,วัด
ร้านกาแฟในสวน คลอง 13,"ปิดท้ายด้วย ร้านลับเล็ก ๆ ย่านปทุมธานี กลางสวนที่เต็มไปด้วยพรรณไม้นานาชนิดริมบึงน้ำ กับ ร้านกาแฟในสวน คลอง 13 อาคารไม้ ตกแต่งแบบย้อนยุคสไตล์คลาสสิค ป้ายข้อความเตือนใจ โพสต์อิทที่ลูกค้าเขียนกลายเป็นส่วนหนึ่งของการตกแต่งร้านด้านใน ให้ฟีลร้านกาแฟบ้าน ๆ ท่ามกลางบรรยากาศดี ๆ ในสวน ที่สงบ ร่มรื่น เต็มไปด้วยความเขียวขจีของเหล่าต้นไม้ใบหญ้า ทางด้านอาหารก็มีให้เลือกมากมายทั้งอาหารคาวเพื่อสุขภาพ เบเกอรี่หวานกลมกล่อม หรือเครื่องดื่มสดชื่น ๆ ก็มีพร้อม นอกจากรสชาติจะดีแล้วยังราคาดีอีก ที่นั่งก็มีให้เลือกทั้งในอาคาร, โต๊ะนั่งในสวน, บาร์เล็ก ๆ ริมสระน้ำ, ที่นั่งริมบ่อปลาคราฟ, ม้าหินรูปทรงผลไม้ เป็นต้น น่ารัก อบอุ่นสุด ๆ ใครผ่านมาแถวนี้คือแนะนำเลยว่าต้องแวะ",เลขที่ 68/6 ถนน.เลียบคลอง 13 ต.พืชอุดม อ.ลำลูกกา จ.ปทุมธานี 12150,https://www.paiduaykan.com/wp-content/uploads/2019/03/2-DSC_9304.jpg,คาเฟ่
 บ้านดอกจันทน์ริมน้ำ,มาถึงร้านอาหารพื้นบ้านไทยรามัญบรรยากาศดีๆ อย่างร้าน บ้านดอกจันทน์ริมน้ำ ใครได้ไปเช็คอินร้านนี้ก็ต้องติดใจค่ะ เพราะบรรยากาศร้านเค้าดีมากกก ชิลสุดๆ ภายในร้านกว้างขวาง มีโซนให้เลือกจับจองกันทั้งในห้องแอร์ และที่นั่งริมน้ำ เลือกได้ตามความชิลเลยค่า แถมอาหารที่นี่เค้าก็อร่อยหลากหลายสุดๆ อยากรู้ว่าจะเด็ดแค่ไหน ต้องลอง !,55/8 ถ.เทศบำรุง ต.บางปรอก อ.เมือง จ.ปทุมธานี,https://www.tripgether.com/wp-content/uploads/tripgetter/PathumRimnam_2.jpg,ร้านอาหาร
 Wine Port & clubhouse,Wine Port & clubhouse ร้านอาหารริมแม่น้ำเจ้าพระยา อีกหนึ่งร้านที่น่าไปนั่งทานข้าวดื่มด่ำกับบรรยากาศฟินๆ ค่ะ บอกเลยว่าใครได้ลองมาก็ต้องประทับใจ เพราะไม่ว่าจะเป็นบรรยากาศ หรือเมนูอาหาร ก็ดีต่อใจไปหมด เมนูอาหารของทางร้านจะเป็นอาหารไทย และอาหารไทยฟิวส์ชั่น ใครที่กำลังมองหาร้านอาหารน่านั่งชิลๆ พักผ่อนกับครอบครัว หรือเพื่อนๆ ร้านนี้เป็นอีกหนึ่งร้านที่น่าเซฟเก็บเข้าลิสต์มากจริงๆ น้า,15/1 ต.บางขะแยง อ.เมือง จ.ปทุมธานี,https://www.77kaoded.com/wp-content/uploads/2018/05/30710405_2385499058142747_6769129467953545216_n.jpg,ร้านอาหาร
 ร้านอาหารแม่น้ำ,ไปชิลกับบรรยากาศดีๆ ต่อกันที่ ร้านอาหารแม่น้ำ ร้านอาหารริมแม่น้ำเจ้าพระยา บรรยากาศดีต่อใจ อาหารอร่อย ได้ฟีลเหมือนนั่งทานข้าวริมน้ำบ้านเพื่อน มีวิวสวยๆ ให้ได้ชื่นชม พร้อมมีเรือไม้จอดเทียบติดชานบ้านเก่าริมน้ำ มีมุมถ่ายรูปสวยๆ ให้ได้แชะภาพกัน รับรองว่าเป็นอีกหนึ่งร้านที่สายกิน สายชิล จะต้องประทับใจแน่นอนค่ะ,39 ถ.ประชานิยม ต.บางปรอก อ.เมือง จ.ปทุมธานี,http://www.rangsitcity.com/images/column_1472750521/man%20(38).JPG,ร้านอาหาร
 พุงอิ่ม ณ ริมน้ำ,มาอร่อยและชิลกันต่อที่ร้าน พุงอิ่ม ณ ริมน้ำ สำหรับร้านนี้เป็นร้านอาหารริมน้ำที่เหมาะแก่การไปทานข้าวมื้อสายหรือมื้อเที่ยงค่ะ บรรยากาศสบายๆ ริมแม่น้ำ และตัวร้านก็โล่งโปร่งสบาย มีที่นั่งกว้างขวาง พร้อมกับมีเมนูอาหารเลิศรสมากมาย ไม่ว่าจะเป็น ก๋วยเตี๋ยว ส้มตำ ผัดไท หอยทอด หรืออาหารตามสั่งต่างๆ รับรองว่าประทับใจทั้งบรรยากาศและรสชาติดีๆ แน่นอนค่า,ต.สามโคก อ.สามโคก จ.ปทุมธานี,https://t1.blockdit.com/photos/2023/04/6449e9666bdc3fbd80251a6d_800x0xcover_DaltcnkE.jpg,ร้านอาหาร
 Chill87,Chill87 อีกหนึ่งร้านอาหารสุดชิลที่น่าไปเช็คอินค่ะ บรรยากาศสบายๆ ริมน้ำ ดนตรีสดที่จะบรรเลงคลอเคล้าตลอดคืน และอาหารหลากหลายเมนู บอกเลยว่าดีต่อใจสายชิลสุดๆ เหมาะกับการมาทานข้าวกับครอบครัว หรือจะมาสังสรรค์กับเพื่อนๆ ก็เวิร์คสุดๆ รับรองว่าโดนใจ!,187 พหลโยธิน 87 ต.คูคต อ.ลำลูกกา จ.ปทุมธานี,https://res.theconcert.com/c_thumb/40e42740f43a4a7b2f3e9c7170f0ea71d/379740882_721269243377264_5235449686681190216_n.jpg,ร้านอาหาร
 Quayside Cafe and Eatery,Quayside Cafe and Eatery ร้านอาหารสไตล์โมเดิร์น ที่ตั้งอยู่ริมแม่น้ำเจ้าพระยา บรรยากาศสุดชิล มีวิวสวยๆ ให้ชม ตัวร้านก็สวยงาม มู้ดดี โทนปัง ถ่ายรูปมุมไหนก็สวย พร้อมกับเมนูอาหารที่หลากหลาย ไม่ว่าจะเป็นอาหารไทย หรืออาหารนานาชาติ รวมถึงเมนูขนมหวานมากมาย เป็นร้านอาหารกึ่งคาเฟ่ที่ถูกใจสายคาเฟ่แน่นอนค่ะ,33/5 หมู่ที่ 5 ต.บ้านกลาง อ.เมือง จ.ปทุมธานี,https://www.gourmetandcuisine.com/Images/editor_upload/_editor20200930081154_original.jpg,ร้านอาหาร
 ครัวระเบียงน้ำ สะพานปทุมธานี 2,ไปต่อกันที่ ครัวระเบียงน้ำ ค่ะ ร้านนี้พิเศษตรงที่เค้ามีเรือล่องแม่น้ำด้วย บรรยากาศบอกเลยว่าเอาไปเต็มสิบ ! เป็นร้านอาหารติดแม่น้ำเจ้าพระยาที่ฟีลกู๊ดอีกร้านนึงที่ควรค่าแก่การไปเช็คอินจริงๆ ค่ะ เหมาะสำหรับมื้อพิเศษ ไม่ว่าจะเป็นคู่รัก หรือครอบครัวก็จูงมือมาอิ่มอกอิ่มใจ แถมอิ่มท้องกับอาหารอร่อยๆ ได้ง่ายๆ ที่นี่ค่ะ,14/4 หมู่2 อ.เมือง ต.บางขะแยง จ.ปทุมธานี,https://www.ryoiireview.com/upload/article/202202/1645601682_5ffad54ff10e81a32c5e9bff05156e7e.jpg,ร้านอาหาร
 ครัวบุษบัน กุ้งเผา วอเตอร์วิว,อีกหนึ่งร้านอาหารริมน้ำ ที่เราอยากให้ลองไปเช็คอินกันค่ะ ครัวบุษบัน กุ้งเผา วอเตอร์วิว เป็นร้านอาหารริมแม่น้ำเจ้าพระยาที่ฟีลกู๊ดไม่แพ้ร้านอื่นเลยจริงๆ ไฮไลท์ของที่นี่ก็หนีไม่พ้นเมนูกุ้งแม่น้ำเผาตัวแม่ บอกเลยว่าฉ่ำมาก ! มันกุ้งเยิ้มๆ อื้อหือออ ดีต่อใจสุดๆ หรือใครที่ไม่อินกับกุ้งเค้าก็มีเมนูอาหารอีกมากมายให้เลือกสั่งกันค่ะ รับรองว่าอร่อยถูกปากทุกเมนู แฮปปี้กันทุกวัยเลยค่า,33/4 ถ.รังสิต-ปทุมธานี ต.บ้านกลาง อ.เมือง จ.ปทุมธานี,https://scontent.kachon.com/files/news/328614/1544426472.jpeg,ร้านอาหาร
 Wave Side Restaurant,ชิลกันอย่างต่อเนื่องที่ ครัวเวฟไซด์ ร้านอาหารริมน้ำชิลๆ บรรยากาศดี เค้าเป็นร้านอาหารขนาดใหญ่ สามารถจัดเลี้ยงที่นี่ได้เลยค่ะ เมนูอาหารก็มีให้เลือกหลากหลาย ซึ่งแน่นอนว่า ซีฟู้ดคือดี ! สดใหม่ และไซส์ใหญ่จุใจมากจริงๆ เค้ามีไฮไลท์ดีๆ ก็คือที่นั่งแพริมน้ำ ยิ่งเพิ่มความฟินให้กับมื้อพิเศษขึ้นไปอีก ใครที่กำลังมองหาร้านอาหาร บรรยากาศดีๆ ในปทุมธานีอยู่ล่ะก็ ขอแนะนำที่นี่เลยค่า,ถ.เชียงรากน้อย ต.บ้านปทุม อ.สามโคก จ.ปทุมธานี,https://t1.blockdit.com/photos/2023/11/65523de97efe920bf61c4df2_800x0xcover_XjfUsli1.jpg,ร้านอาหาร
 คำเสน่ห์,มาถึงร้านที่มาในสไตล์โมเดิร์นกันบ้างค่ะ กับร้าน คำเสน่ห์ ร้านอาหารที่ครบครันความอร่อย ไม่ว่าจะเป็นเมนูคาวหรือหวาน ก็จัดหนักจัดเต็มกันได้ค่ะ เพราะเค้าเป็นคาเฟ่ด้วยนะ ! ดีต่อใจไม่ไหว อร่อยทั้งอาหาร และขนมเลยจริงๆ ตัวร้านเค้าตกแต่งเป็นตัวเรือนกระจก ดูเก๋ไปอีก ไปนั่งชิลๆ ริมระเบียงถ่ายรูปเช็คอินกันได้เลยค่า,54/9 ถ.เทพบำรุง ต.บางปรอก อ.เมือง จ.ปทุมธานี,https://mpics.mgronline.com/pics/Images/562000007130701.JPEG,ร้านอาหาร
 บ้านสวนริมคลอง,ร้านอาหารซีฟู้ดเด็ด บ้านสวนริมคลอง ในสไตล์ไทยๆ บอกเลยว่ารสชาติอาหารที่นี่ถูกปาก ถูกใจเหลือเกินค่ะ บรรยากาศก็ดี อยู่ติดริมคลอง คุ้มค่ากับการไปเช็คอินแน่นอนค่ะ ที่นี่เค้ามีทั้งอาหารอีสาน อาหารใต้ด้วยน้าา ใครชอบฟีลไหนก็สั่งได้ตามใจชอบเลยค่ะ แต่อย่าลืมซีฟู้ดนะคะ บอกเลยว่าเด็ด !,96 หมู่ 5 ต.เชียงรากใหญ่ อ.สามโคก จ.ปทุมธานี,https://files.thailandtourismdirectory.go.th/assets/upload/2018/12/12/201812123a3b152d937877d3a1187a49e08ad155103105.jpg,ร้านอาหาร
 ครัววันดีกุ้งเผา ริมแม่น้ำเจ้าพระยา,ครัววันดีกุ้งเผา ร้านอาหารริมแม่น้ำเจ้าพระยา บรรยากาศสบายๆ ไปนั่งรับลมชมวิวสวยๆ ของแม่น้ำเจ้าพระยากันได้ไม่ว่าจะเป็น มื้อเที่ยง มื้อบ่าย หรือจะดินเนอร์ยามค่ำคืน อร่อยฟินกับอาหารทะเลมากมาย โดยไฮไลท์ของร้านนี้คือกุ้งเผาฉ่ำๆ ที่บอกเลยว่าใครได้ลองก็ต้องฟินนน มันเยิ้มมมตัวโต กินคู่กับน้ำจิ้มซีฟู้ดสูตรเด็ดของทางร้าน อื้อหือ ต้องไปโดนกันเองค่ะ,ซ.โสภา ต.บางปรอก อ.เมือง จ.ปทุมธานี,https://www.ryoiireview.com/upload/article/202212/1672218340_ded5bec2a01cba5e411900a932f60c36.jpg,ร้านอาหาร
 แกะกะบัว Farm Cafe and restaurant,แกะกะบัว Farm Cafe and restaurant ร้านอาหารกึ่งฟาร์มคาเฟ่ ที่สามารถเลี้ยงน้องแกะได้อย่างแฮปปี้ รวมถึงน้องกระต่าย พร้อมกับบ่อบัวกระด้งเป็นที่ท่องเที่ยวสำหรับครอบครัวค่ะ ที่นี่มีของอร่อยรออยู่มากมาย มีกิจกรรมสนุกๆ สำหรับน้องๆ ทุกวัย มีมุมถ่ายรูปสวยๆ หลายมุมให้เลือก ทานข้าวเสร็จนั่งเล่น ให้อาหารน้องแกะได้ชิลๆ หรือจะเดินเล่นก็มีพื้นที่กว้างขวาง บรรยากาศดีมากค่า,36/2 ต.บึงบา อ.หนองเสือ จ.ปทุมธานี,http://www.gaegabua.com/Images/SalePage/Image/img8291334250_456006106527582_398449092946258161_n.jpg,ร้านอาหาร
 Auntie's Garden cafe & restaurant,Auntie's Garden cafe & restaurant ร้านอาหารในสวน มีพื้นที่กว้างขวาง บรรยากาศสบายๆ มองไปทางไหนก็เจอพื้นที่สีเขียวสายตา เหมาะกับการมาทานข้าวกับครอบครัว ชิลสุดใจได้ทุกวัย มาสูดอากาศสบายๆ ฟีลธรรมชาติ มีสนามเด็กเล่นให้เด็กๆ ได้เล่นกันแบบเพลินๆ แถมอาหารและเครื่องดื่มก็มีให้เลือกกันแบบจุกๆ มาพักผ่อนได้ทั้งครอบครัวเลยค่า,8/8 หมู่ 3 ต.บางคูวัด อ.เมือง จ.ปทุมธานี,https://edtprod1.edtguide.com/edtguide/assets/Aunteis-garden-5.jpg,ร้านอาหาร
 ครัวกรกนก,มาปิดท้ายกันไปกับ ร้านครัวกรกนก ร้านอาหารริมน้ำบรรยากาศสบายๆ ฟีลอบอุ่นริมแม่น้ำเจ้าพระยา กินข้าวไปชมวิวพระอาทิตย์ตกดินไป ดี๊ดี ! อาหารก็รสชาติดีถูกปาก รับรองว่าประทับใจแน่ๆ ค่ะ กุ้งแม่น้ำก็ไม่ทำให้ผิดหวัง ตัวใหญ่ เนื้อแน่น มันกุ้งฉ่ำๆ ฟินไม่รู้ลืม เป็นอีกร้านอาหารริมน้ำที่ไม่ควรพลาดจริงๆ ค่า,71 หมู่ 3 ต.บ้านปทุม อ.สามโคก จ.ปทุมธานี,https://scontent.fbkk12-1.fna.fbcdn.net/v/t39.30808-6/340852073_238117838710037_8386789125630098394_n.jpg?_nc_cat=101&ccb=1-7&_nc_sid=833d8c&_nc_ohc=EikxmxvrKAgQ7kNvgEKTL7T&_nc_ht=scontent.fbkk12-1.fna&_nc_gid=Af2MQN7bj3yvR1mMOb8Oaz8&oh=00_AYCGy_LiV8NwQh55vtN1cuxpCmZRiu0M_keSnA-Q7qR3pg&oe=67088444,ร้านอาหาร
เซียนแปะโรงสี,"#ประวัติวัดศาลเจ้า วัดศาลเจ้า ตั้งอยู่ที่ ตำบลบ้านกลาง อำเภอเมืองปทุมธานี จังหวัดปทุมธานี เป็นวัดเก่าแก่อีกวัดหนึ่งของเมืองปทุม จะอยู่ติดกับวัดมะขาม ติดแม่น้ำเจ้าพระยา และคลองเชียงรากค่ะ โดยประวัติของวัดนั้นยังไม่มีหลักฐานที่แน่ชัด แต่มีเรื่องเล่าต่อกันมาว่า วัดศาลเจ้า แห่งนี้สร้างเมื่อปลายกรุงศรีอยุธยา โดย เจ้าน้อยมหาพรหม บุตรเจ้าเมืองฝ่ายเหนือ เป็นผู้มีวิชาไสยศาสตร์แก่กล้าค่ะ ว่ากันว่าท่านได้ล่องแพมาตามแม่น้ำเจ้าพระยา จนมาถึงวัดมะขามแห่งนี้ และได้พบกับ พระอาจารย์รุ พระภิกษุเชื้อสายรามัญ ที่เป็นที่เคารพศรัทธาของชาวบ้าน ทั้งสองได้ทดสอบวิชากัน จนทำให้เจ้าน้อย มหาพรหม เกิดความเคารพเลื่อมใสในวิทยาคมของพระอาจารย์รุ จึงขอสร้างวัดและศาลขึ้น ณ ที่นี้ แล้วตั้งชื่อว่า วัดศาลเจ้า ซึ่งน่าจะมาจาก ""ศาล"" ที่สร้างขึ้นโดย ""เจ้า"" น้อยมหาพรมนั่นเองค่ะ ภายใน วัดศาลเจ้า ก็จะมีปูชนียสถานที่สำคัญต่างๆ ทั้ง อุโบสถที่เจ้าน้อยมหาพรหมสร้างถวายในสมัยพระอาจารย์รุ ซึ่งได้มีการบูรณะใหม่ในเวลาต่อมาค่ะ เป็นอุโบสถเจดีย์แบบรามัญ ที่หาชมได้ยาก รวมไปถึงมีพระพุทธรูปที่เจ้าน้อยมหาพรหมสร้างไว้ประดิษฐานอยู่ที่ศาลาการเปรียญอีกด้วยค่ะ #ประวัติเซียนแปะโรงสี  และควรไปไหว้ขอพรในเรื่องของ การค้าขาย และปลดหนี้ ที่ ศาลาที ทองศิริ เซียนแปะ ด้วยนะคะ เพราะ เซียนแปะโรงสี หรือ เซียนแปะกิมเคย หรือ เซียนแปะโง้วกิมโคย ท่านเป็นชาวจีนซึ่งย้ายมาอยู่ในเมืองไทย เป็นผู้ทรงศีลจิตใจดีเกื้อกูล ท่านเป็นคนขยันขันแข็ง เริ่มจากการค้าข้าวเปลือก จนต่อมาได้ก่อตั้งโรงสีข้าวขึ้นค่ะ อีกทั้ง เซียนแปะโรงสี ท่านยังเป็นผู้มีฌาน เก่งเรื่องโหงวเฮ้ง ฮวงจุ้ย และยังช่วยเหลืองานต่างๆ ใน วัดศาลเจ้า อย่างเต็มกำลัง ไม่ว่าจะเป็นการซ่อมแซมวัด รวมไปถึงจัดการทำพิธีกรรมต่างๆ และในหลายๆ ครั้งก็เกิดปาฏิหารย์ขึ้นในงานพิธีจนเป็นที่เคารพนับถือ เชื่อกันว่าท่านเป็นผู้มีบุญ ทำให้เซียนแปะโรงสีมีลูกศิษย์มากมาย ว่ากันว่าถ้าขอพรเรื่องการงาน การเงิน และการทำธุรกิจ การค้า ก็จะเจริญรุ่งเรือง นั่นเองค่ะ #ช้อปชิม ของอร่อย ปทุมธานี ที่ ตลาดริมน้ำวัดศาลเจ้า รวมไปถึงที่นี่ ยังมี ตลาดริมวัดศาลเจ้า ด้วยค่ะ เป็นแหล่งรวบรวมของอร่อยในจังหวัดปทุมธานีเลยทีเดียวค่ะ ทั้งของคาว ของหวาน เรียกได้ว่าครบ แต่ที่ห้ามพลาดเลยก็คือ กุยช่าย นั่นเองค่ะ เรียกว่าแทบจะทุกร้านคนต่อแถวยาวกันเลยทีเดียว ที่สำคัญทำกันสดๆ ให้เห็นเลยด้วย เรียกได้ว่า ครบ จบ ในที่เดียวมากๆ ค่ะ ได้ทั้ง ไหว้พระ ทำบุญ ขอพร และยังได้เดินตลาดที่เต็มไปด้วยของกิน ของอร่อยเยอะแยะขนาดนี้อีกด้วย ถ้าวันหยุดนี้ ใครยังไม่มีโปรแกรมไปเที่ยวที่ไหน แวะมา วัดศาลเจ้า ปทุมธานี กันได้เลยนะคะ จะได้อิ่มทั้งบุญ อิ่มทั้งท้องกลับบ้านกันแบบจัดเต็มไปเลยค่ะ #การเดินทาง มายัง วัดศาลเจ้า ถ้ามาจากปากเกร็ด ให้เลี้ยวขวาเข้าถนนติวานนท์ ขับตรงไปจนเลยนิคมอุตสาหกรรมบางกระดี และจะเห็นทางเข้าวัดมะขามอยู่ทางซ้ายมือ อยู่ก่อนถึงโรงพยาบาลเซ็นต์คาร์ลอส ให้เข้ามาทางเดียวกันกับวัดมะขามเลยค่ะ วัดศาลเจ้าจะอยู่ถัดวัดมะขาม ไม่ไกลกันเลยค่ะ หรือถ้ามาจากถนนวิภาวดีรังสิต ก่อนถึงฟิวเจอร์ปาร์คให้เลี้ยวซ้ายไปปทุมธานี จากนั้นขับไปบนถนนรังสิต-ปทุมธานี (หมายเลข 306) จนถึงแยกที่มีโรงพยาบาลเซ็นต์คาร์ลอสค่ะ ให้เลี้ยวซ้าย แล้วขับตรงมาทางเข้าวัดจะอยู่ด้านขวาค่ะ",2/1 หมู่ 3 ซอยวัดมะขาม ถนนติวานนท์ ตำบลบ้านกลาง อำเภอเมืองปทุมธานี จังหวัดปทุมธานี,https://th.bing.com/th/id/OIP.ODuKVLlS7frug_WkVdszrAHaE8?pid=ImgDet&rs=1,สถานที่ท่องเที่ยว
บ้านชิดกรุง,วันหยุดนี้..มีแพลนออกไปไหนกันหรือเปล่าครับ? ถ้ายังไม่มีแพลนไปไหนล่ะก็ เราจะพาทุกคนขับรถไปทานกุ้งแม่น้ำเผาบอกเลยว่าครั้งนี้เราจะชวนไปเที่ยวใกล้กรุงเทพแวะลองร้านอร่อย อย่างร้านบ้านชิดกรุง กุ้งเผา ปทุมธานีกันครับ นอกจากเมนูกุ้งแม่น้ำเผาจะอร่อย น้ำจิ้มรสชาติจัดจ้านแล้ว ยังตั้งอยู่ติดริมแม่น้ำเจ้าพระยา บรรยากาศชิลๆ อีกด้วยนะ ถ้าพร้อมแล้วล่ะก็ ตามเราไปดูกันเลยดีกว่าเนอะ    สำหรับร้านบ้านชิดกรุง กุ้งเผา อย่างที่เกริ่นไปตอนแรกว่าตั้งอยู่ในเขตจังหวัดปทุมธานี ไม่ไกลเลยจากกรุงเทพฯ ถ้าหากใครที่สะดวกขับรถยนต์ส่วนตัว มาจากทางถนนเส้นแจ้งวัฒนะล่ะก็..สามารถขึ้นทางด่วนมายาวๆ ใช้ทางออกด่านบางประอิน-ปากเกร็ด ขับตรงมาสักพักจากนั้นจะพบกับแยกสันติสุข ขับตรงไปอีกประมาณ 4-5 กิโลเมตร เลี้ยวขวามาถึงบ้านชิดกรุงเลยครับ รวมไปถึงเรื่องที่จอดรถบริเวณแถวร้านก็มีพื้นที่กว้างขวาง ไม่ต้องห่วงนะจ๊ะ    บรรยากาศของร้านบ้านชิดกรุง กุ้งเผา ถือว่าชิลเว่อร์ และรู้สึกเหมือนกำลังนั่งทานข้าวอยู่บ้านเลยครับ ด้วยลักษณะของบ้านไม้เรือนไทยเก่าแก่ที่ยังคงความแข็งแรง ถูกแบ่งออกได้เป็น 2 โซนนั่นก็คือโซนภายในร้านร่มรื่น ไม่รู้สึกอึดอัด กับอีกหนึ่งโซนไฮไลท์ก็คือโซนระเบียง ติดริมแม่น้ำเจ้าพระยา ซึ่งเราอยากแนะนำเลย เพราะลมพัดเย็นสบายตลอดทั้งวันแน่นอน     เมนูอาหารของร้านบ้านชิดกรุง กุ้งเผา ก็จะมาในรูปแบบอาหารไทย รสชาติไทยแท้ๆ ฟีลคล้ายคุณยายกำลังปรุงอาหารให้เราทานเชียวล่ะ แถมยังเน้นความหลากหลายของเมนูอีกด้วย อีกทั้งเรื่องวัตถุดิบต่างๆ ภายในร้านก็สำคัญเช่นกัน มีการเลือกสรรกันมาอย่างดี โดยเฉพาะกุ้งแม่น้ำ ที่ถือเป็นวัตถุดิบหลักประจำที่นี่เลยก็ว่าได้     ไหนๆ เราก็เกริ่นถึงวัตถุดิบเมนูหลักอย่างกุ้งแม่น้ำกันแล้ว ก็ขอเริ่มสั่งเมนูแรกมาลองเลยล่ะกันครับ อย่างเมนูกุ้งแม้น้ำเผาโดยทางร้านขายกุ้งแม่น้ำคิดเป็นกิโลกรัมครับ ราคาก็อาจจะมีขึ้นมีลงบ้างแล้วแต่ฤดูกาล แอบกระซิบนิดนึงว่าให้โทรไปสอบถาม และจองกันก่อน เพื่อการันตีว่าทุกคนจะได้ทานกุ้งชัวร์ๆ แน่นอนนั่นเอง ฮ่าาา    โดยเมื่อเราเลือกกุ้งแม่น้ำไซส์ต่างๆ เสร็จแล้ว ทางร้านก็นำไปจัดการล้าง และย่างบนเตาถ่าน พร้อมเสิร์ฟมาอย่างสวยงาม ทานง่ายอย่างแน่นอน อื้อหื้มมม บอกเลยว่าตอนมาเสิร์ฟที่โต๊ะนี่ ถึงกับน้ำลายหกเลยล่ะ จัดเต็มมากทั้งในส่วนของมันกุ้งล้นๆ และเนื้อแน่นๆ คาดคะเนได้เลยว่าคนละตัวไม่พอแน่นอนครับ   ด้วยวิธีการเผาของพ่อครัวแม่ครัวอย่างชำนาญ ในเวลาเหมาะสม เลยทำให้ได้เนื้อกุ้งออกมาสุกกำลังดี เนื้อมีสด หวานฉ่ำ เนื้อเด้ง ยิ่งได้ทานคู่ไปกับน้ำจิ้มซีฟู้ดรสชาติจัดจ้าน สูตรลับเฉพาะของทางร้าน โอ๊ยย! ลงตัวมาก แต่ถ้าอยากฟินหนักๆ เราแนะนำว่าให้ตักมันกุ้งออกมาราดบนข้าวสวยร้อนๆ จากนั้นก็ตามต่อด้วยเนื้อกุ้ง และน้ำจิ้มซีฟู้ดเล็กน้อย พร้อมตักเข้าปาก วิธีนี้คือดีมากจริงๆ      เมื่อฟินกับเมนูกุ้งแม่น้ำเผากันไปแล้ว ก็ต้องต่อด้วยเมนูจัดจ้าน รสชาติบ้านๆ ที่บอกเลยว่าอร่อยมาก อย่างเมนูน้ำพริกโจรนั่นเองครับ นางไม่ได้มาแค่ตัวถ้วยน้ำพริกนะครับ แต่มาทั้งผักสดนานาชนิด ตกแต่งข้างจานมาอย่างสวยงาม กลับมาพูดถึงกันถึงตัวน้ำพริกกันต่อ น้ำพริกโจรก็คือน้ำพริก สไตล์ปักษ์ใต้ อย่างที่เราเข้าใจกันดี โดยตัวกะปิถูกส่งมาจากเกาะลันตาอีกด้วย เนื้อกุ้งก็ถูกหั่นมาอย่างดี ใส่มาเต็มๆ ล้นถ้วย ใครที่ชื่นชอบเมนูน้ำพริกล่ะก็..ห้ามพลาดเด็ดขาด    ไปต่อกันที่เมนูห่อหมกทะเล ผัดแห้งกระทะร้อนรสชาติจัดจ้าน แถมยังมีความหอมกลิ่นเครื่องแกงสุดๆ เราอาจจะคุ้นเคยกับห่อหมกในรูปทรงปกติ แต่ครั้งนี้ทางร้านได้ปรับเปลี่ยนสูตรใหม่ โดยการนำเครื่องแกง ใบยอ เครื่องเทศต่างๆ มาผัดรวมกัน พร้อมเสิร์ฟมาบนกระทะร้อน เสียงฟู่ๆ ยั่วยวนมากเลยแก ใครที่ชื่นชอบเมนูอาหารรสชาติเผ็ด จัดจ้าน ต้องลองเลย     อีกหนึ่งเมนูที่เราเลิฟมาก อยากให้ทุกคนได้ลองกันก็คือเมนูข้าวผัดชิดกรุงนั่นเอง โดยครั้งนี้่เรามากัน 3 คน เลยสั่งเป็นไซส์กลางไป บอกเลยว่าเห็นสั่งแค่ไซส์กลางแบบนี้ ก็คือจุกนะจ๊ะ จานใหญ่เว่อร์ ด้วยเคล็ดลับพิเศษในการน้ำข้าวสวยเรียงเม็ด มาผัดคลุกเคล้ากับมันกุ้งเน้นๆ จนหอมติดกลิ่นกระทะ จากนั้นก็ใส่กุ้งสดไซส์ใหญ่ เนื้อแน่นๆ ลงไปอีก จานนี้ทานกับเมนูไหนๆ ก็อร่อย     ซดน้ำแกงกันสักนิด ที่เมนูแกงรัญจวญหมูอื้อหื้มมมม รสชาติดีมากเช่นกัน อีกหนึ่งเมนูที่มองแค่หน้าตา เหมือนจะจืด..แต่พอได้ซดน้ำแกงเข้าไปคำแรก คือหยุดไม่ได้อีกเลย ฮ่าาาาา ตัวน้ำแกงมีความเข้มข้น เปรี้ยวหน่อยๆ จ่กน้ำมะขามเปียก ถือเป็นเอกลักษณ์เฉพาะตัว    มาดูเมนูผัดๆ กันบ้าง อย่างเมนูพระรามลงสรงหมูผัดมาร้อนๆ เนื้อหมูนุ่ม ชิ้นใหญ่ทุกชิ้น ด้วยสูตรลับเฉพาะของทางร้าน ที่เลือกเครื่องแกงมาเป็นอย่างดี เลยทำให้จานนี้ได้รสชาติจัดจ้าน หอมติดกลิ่นกระทะเชียวละ อีกหนึ่งเมนูผัดก็คือเมนูผัดพริกแกงไก่ไข่แดงเค็มเนื้อไก่ในจานนี้เยอะมาก เนื้อแน่นๆ ผัดมาเข้ากันดีกับพริกแกงรสชาติจัดจ้าน แถมยังได้ความมันจากไข่แดงเค็มอีกด้วย     เป็นไงกันบ้างครับ อิ่มท้องกันเลยทีเดียวสำหรับมื้อนี้ ที่ร้านบ้านชิดกรุง กุ้งเผา โดยรวมถือว่าคุ้มค่ากับราคาอย่างแน่นอน โดยเฉพาะเมนูกุ้งแม่น้ำเผา แถมบรรยากาศภายในร้านก็ชิล อยู่ติดริมแม่น้ำเจ้าพระยาอีกด้วย วันหยุดนี้ลองชวนแฟน เพื่อน หรือครอบครัวไปลองกันดูนะครับ เชื่อเรา!,123 หมู่ 9 ต. บางเตย อ.สามโคก เทศบาลเมืองปทุมธานี,https://www.maamjourney.com/wp-content/uploads/2019/04/Baan-Chid-Krung-%E0%B8%9A%E0%B9%89%E0%B8%B2%E0%B8%99%E0%B8%8A%E0%B8%B4%E0%B8%94%E0%B8%81%E0%B8%A3%E0%B8%B8%E0%B8%87-%E0%B8%81%E0%B8%B8%E0%B9%89%E0%B8%87%E0%B9%80%E0%B8%9C%E0%B8%B2.jpg,ร้านอาหาร
COK Cream of The Koff,คาเฟ่มินิมอลคุมโทนขาว ร้านสวยสะอาดตา มุมถ่ายรูปปังเว่อร์ คาเฟ่ร้านนี้มีทั้งอาหาร🍝 ขนม🧇 ไอศกรีม🍧 และเครื่องดื่ม🥤ให้เลือกหลากหลาย ที่สำคัญคือมีโซนสำหรับ Co-Working Space มีโซนให้เลือกหลายมุม ใครอยากมานั่งอ่านหนังสือหรือทำงานแบบสงบ ๆ ต้องขึ้นมาชั้นบนเลย พื้นที่กว้างขวางนั่งสบาย พร้อมปลั๊กไฟไว้ชาร์จแบตทุกโต๊ะ🔋,"Ek Thaksin Rd, ตำบล หลักหก อำเภอเมืองปทุมธานี ปทุมธานี 12000",https://ak-d.tripcdn.com/images/1i64h2224p19c78io77C4_W_640_0_R5_Q80.jpg?proc=source/trip,คาเฟ่
ปิ่นโตนามีตาล,ร้านอาหารปักษ์ใต้ที่มีสไตล์กึ่งคาเฟ่ เป็นร้านอาหารที่สวยที่สุดในย่านปทุมธานี ไฮไลต์ของร้านคือ “ปิ่นโต” ที่มีไว้ใส่สำหรับคนสั่งเป็นกับข้าว ปิ่นโตสีสันสดใสน่ารักมาก พาแฟนไปกินข้าวที่ร้านนี้ประทับใจบรรยากาศวิวทุ่งนาชัวร์ แถมได้รูปสวย ๆ กลับไปเพียบแน่นอน,93 33 หมู่ที่ 5 ถนนปทุมรังสิต ตำบล บ้านกลาง อำเภอเมืองปทุมธานี ปทุมธานี 12000,https://s.isanook.com/tr/0/ud/287/1436253/328252799_1672040349886589_13.jpg?ip/resize/w728/q80/jpg,ร้านอาหาร
Gamble Glamping,"Glamble Glambing ที่ตอนเย็นมี BBQ แสนอร่อย นั่งชิล ๆ ชมพระอาทิตย์ตกริมน้ำก็ฟินไปอีกแบบน้าาาแล้วพอตกเย็นก็จะกลายเป็นบาร์ 🍻พร้อมเสิร์ฟเครื่องดื่มเย็นเจี๊ยบชื่นใจ แถมมี 🎶ดนตรีสดให้ฟังกันด้วย (เฉพาะเย็นวันศุกร์, เสาร์ และอาทิตย์)",33 หมู่ 5 ถ.ติวานนท์ ต.บ้านกลาง อ.เมืองปทุมธานี จ.ปทุมธานี 12000,https://img.salehere.co.th/p/1200x0/2023/03/28/sza4u0wdpkan.jpg,ร้านอาหาร
วัดป่าเจริญราช,วัดสวย ใกล้กรุงเทพที่เที่ยวปทุมธานีนั้น น่าจะเป็นจุดหมายของสายบุญที่ไม่ค่อยมีเวลากันใช่ไหมล่ะคะ ถ้าอย่างงั้นแนะนำว่า ต้องมาที่วัดป่าเจริญราชเลยค่ะ ไม่แน่ว่า พอไหว้พระกันเสร็จ อาจจะอยากมาปฏิบัติธรรม เสริมบุญกันเลยก็ได้นะคะ     วัดป่าเจริญราชตั้งอยู่ที่ คลอง 11 ตำบลบึงทองหลาง อำเภอลำลูกกา จังหวัดปทุมธานี เป็น วัดสวย ที่เป็นสถานปฏิบัติธรรม และยังเป็นแหล่งท่องเที่ยวที่น่าสนใจอีกแห่งหนึ่ง ไม่ไกลจากกรุงเทพฯ เลยด้วย โดยไฮไลท์ของวัดนี้ก็คืออุโบสถทรงไทยแบบโบราณที่มีบันไดพญานาคอยู่บริเวณทางขึ้นนั่นเองค่ะ     อย่างที่ทราบกันดีว่าที่ วัดป่าเจริญราช นั้น เป็นสถานที่ไว้สำหรับเข้ามาปฏิบัติธรรมกัน ซึ่งที่นี่ถือได้ว่าเป็นสำนักปฏิบัติธรรมประจำจังหวัดปทุมธานีแห่งที่ 13 เลยค่ะ มีการอบรมวิปัสสนากรรมฐานที่เปิดให้คนที่สนใจเข้าร่วมได้เลย โดยบรรยากาศรอบๆ ก็จะสงบเงียบร่มรื่นสมเป็นสถานที่ปฏิบัติธรรม มีป่าธรรมชาติและต้นไม้ใหญ่ๆ นานาชนิด รวมไปถึงมีป่าสมุนไพรอีกด้วยค่ะ      ที่ด้านบนอุโบสถนั้น จะมีความสวยงดงามของพระพุทธศิลป์มาก ทั้งรูปแกะสลักของ ท้าวเวสสุวรรณเทพรูปท้าวธตรฎฐ์เทพ ที่อยู่ตามทิศต่างๆ และภายในอุโบสถก็จะมีไม้แกะสลักที่เล่าเรื่องเกี่ยวกับพระพุทธศาสนา ให้ได้ชมกันด้วย และมีพระประธานองค์สีขาวประดิษฐานอยู่ให้ได้สักการะด้วย      โดยคนทั่วไปสามารถขึ้นไปสักการะกราบไหว้กันได้เลย ส่วนด้านล่างอุโบสถก็จะมีลูกนิมิตวางไว้ สำหรับปิดทอง เสริมความเป็นสิริมงคลกันค่ะ นอกจากส่วนของอุโบสถแล้ว ก็ยังมีหอฉันท์ที่ประดิษฐาน สมเด็จพระพุทธมหาจักรพรรดิศรีรัตนมงคล และ พระพุทธปฎิมากร นั่นเองค่ะ อีกทั้งยังมีพระพุทธรูปอยู่ภายในบริเวณวัดมากมาย รวมไป เจ้าแม่กวนอิม ด้วยเช่นกัน     ใครจะไปคิดว่าจะมีวัดสวยๆ แบบนี้อยู่ใกล้กรุงเทพฯ ด้วย ยิ่งพอได้เข้าไปชมวัดแล้ว ทำให้อยากจะมานั่งสมาธิ ปฏิบัติธรรมเลยนะคะ สายบุญอย่างเราๆ มีหรือจะพลาด ลองแวะเวียนมาไหว้พระ ชมวิวสวยๆ ของ วัดป่าเจริญราช ที่ ปทุมธานี กันดู รับรองถูกใจแน่นอนค่า     ถ้าตรงมาจากทางแยกลำลูกกา หรือ สนามกีฬาธูปะเตมีย์ ก็ให้เข้าถนนลำลูกกา แล้วข้ามสะพานคลอง 10 พอมาถึงทางแยก ก่อนข้ามสะพานคลอง 11 ก็ให้เลี้ยวซ้ายไป ตรงมาไม่นานก็จะถึงทางเข้า วัดป่าเจริญราช ที่อยู่ด้านซ้ายนั่นเองค่ะ แต่ถ้ามาจากถนนรังสิต-นครนายก ให้ข้ามสะพานคลอง 11 แล้วกลับรถหน้าวัดสระบัว จากนั้นข้ามสะพานคลอง 11 แล้วเลี้ยวซ้ายขึ้นสะพานข้ามคลองอีกที ไม่นานก็ถึงทางเข้าวัดด้านที่อยู่ด้านขวาแล้วค่ะ,ตำบลบึงทองหลาง อำเภอลำลูกกา จังหวัดปทุมธานี,https://www.watpacharoenrat.org/images/vdo/Poster_Image.jpg,วัด
วัดพระวิสุทธิวงส์,"นอกจาก วัดสวย ของฝั่งพุทธศาสนาในจังหวัดปทุมธานีจะมีสวยเยอะมากๆ แล้ว ก็ยังมีโบสถ์คริสต์อีกแห่งที่ปังมากๆ นั่นก็คือวัดพระวิสุทธิวงส์ใครชอบที่เที่ยวถ่ายรูปสวยๆ และไม่ไกลจากกรุงเทพ ก็ต้องมาที่นี่เลยค่า แนะนำมากๆ     วัดพระวิสุทธิวงส์หรืออีกชื่อเรียกคือวัดลำไทรก่อตั้งขึ้นมาในปี ค.ศ.1896 (พ.ศ.2439) โดยความตั้งใจของ คุณพ่อ เอเตียน แดซาลส์ เจ้าอาวาส วัดแม่พระลูกประคำ กาลหว่าร์ ซึ่งท่านเองก็ได้ก่อตั้ง ลำไซ บริษัท และ รวบรวมเงินเพื่อขอสัมปทานซื้อที่ดินบริเวณทุ่งรังสิต ระหว่างคลอง 11 ไปจนถึง คลอง 12 จำนวนมากกว่า 8 พันไร่เลยทีเดียว     โดยเริ่มแรกของการสร้างวัด จะมีแค่เพียงหลังเล็กๆ ที่สร้างจากไม้ไผ่ และกลุ่มคริสตชนก็ได้ถวายไว้ใต้ความอุปถัมภ์ของครอบครัวศักดิ์สิทธิ์ และเปิดบัญชี ศีลล้างบาปของวัดขึ้น เมื่อวันที่ 29 มิถุนายน ปี พ.ศ.2440 ซึ่งในปี พ.ศ.2448 คุณพ่อเดซิเร ยัง บัปติสต์ ดือรังด์ ได้รับการแต่งตั้งเป็นเจ้าอาวาสขึ้นมาค่ะ     แต่วัดหลังที่เราเห็นในปัจจุบันนั้น จะสร้างขึ้นเมื่อปี พ.ศ.2451 เสร็จในปี พ.ศ.2453 และได้ พระสังฆราชเรอเน มารี ยอเซฟ แปร์รอส ทำพิธีเสกวัดขึ้น เมื่อวันที่ 21 กันยายน ปี พ.ศ.2454 และมีการตั้งชื่อวัดอย่างเป็นทางการว่า  วัดพระวิสุทธิวงส์ ค่ะ     รวมถึงวัดมีการบูรณะอยู่หลายรอบด้วยกัน ซึ่งในปี พ.ศ.2532 มีการบูรณะทั้งภายในและภายนอก หอระฆัง ประตู หน้าต่าง พระแท่นงานวาดภาพประดับผนังด้านหลังพระแท่น ""การพิพากษาครั้งสุดท้าย"" (The Last Judgement) และฝ้าเพดาน ของไมเคิล แองเจโล ด้วยเช่นกัน    จะเห็นได้เลยว่านอกจากตัววัดด้านนอกจะสวยเหมือนโบสถ์สไตล์แบบยุโรปแล้ว ด้านในก็ยังงดงามมากๆ ทั้งการตกแต่งหน้าต่าง กระจก งดงามอลังการสุดๆ เหมือนได้ชมงานศิลปะดีๆ นี่เอง ใครแวะไปเที่ยว ปทุมธานี อย่าลืมไปถ่ายรูปสวยๆ กันได้นะคะ ยิ่งถ้าช่วงพระอาทิตย์ตกดินยิ่งงดงามเลย ต้องแวะไปแล้วน้า",ถนนลำลูกกา ตำบลคูคต อำเภอลำลูกกา จังหวัดปทุมธานี,https://f.ptcdn.info/823/002/000/1362479728-V1JPG-o.jpg,วัด
Pumpkin Art Town,"ถ้ากำลังมองหาสถานที่พักผ่อนชิลๆใกล้กรุงเทพวันนี้เราจะพาทุกคนไปที่Pumpkin Art Townที่พักปทุมธานีริมแม่น้ำเจ้าพระยาแหล่งรวมไลฟ์สไตล์ต่างๆ เอาไว้ด้วยกัน ไม่ว่าจะเป็น ที่พัก ร้านอาหาร คาเฟ่ art & craft workshop และ playground ให้เด็กๆ มาวิ่งเล่นท่ามกลางสวนร่มรื่น ตกแต่งด้วยกิมมิกน่ารักๆ โดนใจทั้งเด็กและผู้ใหญ่ ไม่ว่าจะเที่ยวกับครอบครัวหรือกับเพื่อนก็ตอบโจทย์ค่ะ    Pumpkin Art Townสวรรค์แห่งการพักผ่อนริมน้ำเจ้าพระยา แหล่งร่วมไลฟ์สไตล์ต่างๆ ที่มาพร้อมกับ ร้านอาหาร คาเฟ่ริมน้ำ ที่พัก สนามเด็กเล่น และโซน art & craft workshop แหล่งเรียนรู้งานศิลปะที่เปิดโอกาสให้เด็กๆ และผู้ใหญ่ได้เข้าไปเสริมทักษะสร้างสรรค์ชิ้นงานศิลปะน่ารักๆ ด้วยตัวเอง ภายใต้คอนเซปต์แบบ family-friendly ที่นี่จึงเหมาะกับการพาครอบครัวมาพักผ่อนในช่วงวันหยุด หรือใครที่อยากจะเปลี่ยนบรรยากาศมาสัมผัสบรรยากาศชิลๆ ในส่วนร่มรื่นริมแม่น้ำเจ้าพระยาสักวัน 2 วันก็ดีเช่นกันค่ะ      ในส่วนของPumpkin Villa Artelนั้นจะบริการที่พักทั้งหมด 11 ห้องค่ะ โดยจะมีห้องทั้งหมด 4 แบบ ได้แก่Little Pumpkin,Middle Pumpkin,Big PumpkinและJumbo Pumpkinแต่ละแบบก็ตกแต่งด้วยดีไซน์ที่แตกต่างกันออกไป โดยจะเน้นเป็นแนวมินิมอล เพิ่มลูกเล่นด้วยลวดลายเพ้นท์ติ้งน่ารักๆ ที่ให้ความอบอุ่น ห้องLittle Pumpkinจะสามารถรองรับผู้เข้าพักได้ 2 คน แต่แม้จะเป็นห้องขนาดที่เล็กที่สุด แต่ก็มีการตัดแต่งห้องอย่างเป็นสัดส่วน มี day bed ให้นั่งและนอนเล่นชิลๆ ระหว่างวัน แต่ชมวิวอันแสนร่มรื่นของสวนด้านนอกได้ด้วย    ห้องแบบMiddle Pumpkinนั้นจะมีทั้งหมด 4 ห้อง แต่ละห้องก็จะตกแต่งไม่เหมือนกันเลยค่ะ รองรับผู้เข้าพักได้ทั้งหมด 2 คนเช่นเดียวกัน แต่จะมีสเปซที่กว้างขวางกว่า มีส่วนของ living room ให้ได้นั่งเล่น บางห้องก็จะเป็นเตียงแบบ bunk bed โดนใจเด็กๆ สุดๆ เลยค่ะ     Big Pumpkinนั้นจะรองรับผู้เข้าพักได้ทั้งหมด 4 คน เหมาะกับการมาพักผ่อนแบบครอบครัว เพราะจะมีส่วนของห้องนอน และห้องนั่งเล่นเสริมครัวแบบบิ้วอินเข้าไปในตัว พื้นที่กว้างขวางมากๆ ส่วนJumbo Pumpkinจะบริการบ้าน 2 ชั้นทั้งหลัง รองรับผู้เข้าพักทั้งหมด 5 คน ตอบโจทย์สำหรับครอบครัวใหญ่ และแก๊งเพื่อนที่อยากมารวมตัวพักผ่อนกันที่นี่ ที่สำคัญคือ ทุกๆ ห้องนั้นมีสิ่งอำนวยความสะดวกแบบครบครัน เรียกว่าคุ้มสุดๆ ไปเลยค่ะ     ภายในสวนของ Pumpkin Art Town ก็จะมีส่วนของ playground ที่มีเครื่องเล่นสนุกๆ และบ่อทรายให้เด็กๆ ได้มาเล่นเสริมทักษะกันอย่างเพลิดเพลิน รายล้อมไปด้วยร่มเงาต้นไม้ใหญ่ และสระน้ำร่มรื่น ตกแต่งด้วยลวดลายฟักทองสีส้ม สัญลักษณ์ของที่นี่ค่ะ        สร้างสรรค์งานคราฟท์ด้วยตัวเองที่Pumpkin Art​ ​Space​ ที่เปิดรับทั้งเด็กและผู้ใหญ่ให้มาประดิษฐ์งานฝีมือสุดน่ารัก ไม่ว่าจะเป็นการเพ้นท์กระเป๋า เพ้นท์เสื้อ ปั้น Papier-mâché ทำผ้ามัดย้อม และอื่นๆ อีกมากมาย ทำให้เราได้สนุกไปกับการสร้างสรรค์ผลงานใหม่ๆ แบบไม่รู้จบ แถมยังได้ชิ้นงานน่ารักๆ ติดไม้ติดมือกลับไปด้วย นอกจากนี้ยังมีPumpkin Craft Store & Pumpkin Art​ & Craft Marketให้เราได้ช้อปงานคราฟท์เก๋ๆ ที่ไม่เหมือนใคร สำหรับใครสนใจทำ workshop ก็สามารถลงทะเบียนจองคลาสล่วงหน้าเอาไว้ได้ค่ะ        เมื่อมาถึง Pumpkin Art Town แล้วก็อย่าลืมไปฝากท้องที่ร้านอาหารPumpkin Spice RestaurantและPumpkin Eateryที่เสิร์ฟเมนูอาหารหลากหลาย โดยเฉพาะอาหารใต้ที่มีรสชาติจัดจ้านน่าลิ้มลอง บรรยากาศร้านก็โล่งๆ นั่งสบาย ตกแต่งด้วยเครื่องประดับน่ารักๆ ให้ฟีลอบอุ่นเป็นอย่างมาก อีกทั้งยังมีโซนด้านนอกให้นั่งท่ามกลางสวนร่มรื่นเช่นเดียวกันค่ะ มุมถ่ายรูปเยอะมากๆ ด้วย 📸     ส่วนสายหวานก็ต้องไปเช็คอินที่Pumpkin Brown Cafeคาเฟ่ริมแม่น้ำเจ้าพระยาที่เสิร์ฟขนมและเครื่องดื่มแสนอร่อย มีเมนูให้เลือกเยอะมากกก คนที่ชอบของหวานอย่างเราถึงกับเลือกไม่ถูก ก็เลยสั่งมาแทบทุกอย่าง นั่งจิบกาแฟ ทานขนมเพลินๆ เสร็จก็ออกไปรับลมชมวิวตรงริมแม่น้ำเจ้าพระยา ฟินสุดจ้า~ ใครที่มีโอกาสมาเที่ยวปทุมธานี ก็อย่าลืมแวะมาที่ Pumpkin Art Town นะคะ 😊",11 หมู่ 1 ซอยกระแชง 5 ตำบลกระแชง อำเภอสามโคก จังหวัดปทุมธานี,https://media.readthecloud.co/wp-content/uploads/2021/03/29174235/pumpkin-art-town-pathum-thani-44.jpg,สถานที่ท่องเที่ยว
The Lamoon Hotel,The Lamoon Hotel ที่พักสไตล์รีสอร์ทของ ปทุมธานี แห่งนี้ เป็นที่พักราคาสบายกระเป๋า ในเขตลำลูกกา ที่อยู่ไม่ไกลจากสถานที่ท่องเที่ยวชื่อดังอย่าง สวนสนุกดรีมเวิลด์ นั่นเองค่ะ ภายในจะตกแต่งแบบโมเดิร์น เน้นสีสันสดใส ดูสะอาดสะอ้าน ที่สำคัญเดินทางง่ายสะดวกสบายมากๆ ค่ะ เพราะตั้งอยู่บนเส้นรังสิต-นครนายกเลย แวะมาพักนอนสักคืนก็ดีเหมือนกันนะคะ,ตำบลลาดสวาย อำเภอลำลูกกา จังหวัดปทุมธานี,https://scontent.fbkk12-5.fna.fbcdn.net/v/t39.30808-6/273026764_1250199922137142_6334837888595620609_n.jpg?stp=dst-jpg_s960x960&_nc_cat=107&ccb=1-7&_nc_sid=cc71e4&_nc_ohc=w90X1w09hdQQ7kNvgGrOGC1&_nc_ht=scontent.fbkk12-5.fna&_nc_gid=A5u73L_u37DwmBWm0RrSZY2&oh=00_AYB7Iwpad3UKRTviTI5ws5fo-9t0BUXCN6bBDDe3qE5Eew&oe=6707FF2E,ที่พัก
ทิพย์รัชต์ ริเวอร์วิว รีสอร์ท, ทิพย์รัชต์ ริเวอร์วิว รีสอร์ท ที่พักแห่งนี้ ตั้งอยู่ในตัวเมืองปทุมธานีเลยค่ะ  สามารถมานอนพักได้ทั้งแบบรายวันและรายเดือน รวมถึงวิวของที่นี่ก็สวยไม่ธรรมดา เพราะด้านหลังจะเป็นวิวของแม่น้ำเจ้าพระยายาวๆ ไปเลย ซึ่งถ้าห้องไหนเห็นวิวแม่น้ำเจ้าพระยาก็อาจจะมีราคามากหน่อยค่ะ ใครชอบวิวแม่น้ำก็เลือกพักได้เลยน้า คุ้มแน่นอน,45 ถนนสามเรือนถาวร ตำบลบางปรอก อำเภอเมืองปทุมธานี จังหวัดปทุมธานี,http://muangpathum.org/img/zpt053-2%20(Mobile).jpg,ที่พัก
Tinidee Hotel Bangkok Golf Club,Tinidee Hotel Bangkok Golf Club ที่พักปทุมธานี สไตล์รีสอร์ท ที่ถูกตกแต่งอย่างสวยงาม ภายในบรรยากาศอันเงียบสงบ เหมาะสำหรับทั้งมาประชุมสัมมนาและพักผ่อนอย่างมาก อีกทั้งที่ตั้งของโรงแรมนั้นยังอยู่ระหว่างสองสนามกอล์ฟชื่อดังขอไทยอีกด้วยค่ะ เลยทำให้ที่นี่พร้อมไปด้วยความสะดวกสบายมากมาย จะทำกิจกรรมอะไรก็พร้อมมากๆ ค่ะ,99/3 ถนนติวานนท์ ตำบลบางกะดี อำเภอเมืองปทุมธานี จังหวัดปทุมธานี,https://tinideebangkok.com/wp-content/uploads/2018/11/EXTERIOR-HERO.jpg,ที่พัก
IngNatee Resort,IngNatee Resort ที่พักปทุมธานี ที่อยู่ไม่ไกลจากกรุงเทพฯ แต่มีอากาศที่บริสุทธิ์ ให้เราได้เติมพลังจากธรรมชาติแห่งนี้ โดยรอบๆ ที่พักนั้นจะมีวิวของทุ่งกว้าง รวมถึงมีกิจกรรมเพื่อสุขภาพต่างๆ ให้ทำมากมาย ทั้ง การว่ายน้ำ ปั่นจักรยาน ชมฟาร์มเห็ด ฟาร์มไส้เดือน ฟาร์มไก่ และ สวนผักต่างๆ อีกทั้งยังมีร้านอาหารริมน้ำ ให้ได้ดื่มด่ำไปกับวิวแม่น้ำและอาหารอร่อยๆ อีกด้วยค่ะ,62 เข้าเขตหมู่ที่ 7 ตำบลเชียงรากใหญ่ อำเภอสามโคก จังหวัดปทุมธานี,https://cf.bstatic.com/xdata/images/hotel/max1024x768/74167642.jpg?k=ec5f7b0ba36b70b5b39137d7314713664a9fc4d1f45f6374d13d95b27b5bef80&o=&hp=1,ที่พัก
Klongluang Boutique Resort,Klongluang Boutique Resort ที่พักสวย ปทุมธานี อยู่ไม่ไกลจากกรุงเทพฯ มากนัก เหมาะกับคนที่ต้องการมาพักใกล้เมือง อีกทั้งภายในที่พักก็ตกแต่งสวยงาม เก๋ไก๋ไม่เหมือนใคร ห้องพักจะมีทั้งหมด 8 ห้อง อยู่เรียงกันไปสองฝั่ง อีกทั้งยังมีที่จอดรถอยู่ด้านข้างแต่ละห้องอีกด้วยค่ะ สะดวกสบายมากๆ ภายในก็กว้างขวาง แบ่งเป็นสัดส่วนได้อย่างลงตัว ใครมองหาที่พักแถวๆ รังสิต พลาดที่นี่ไม่ได้แล้วน้า,ตำบลคลองหนึ่ง อำเภอคลองหลวง จังหวัดปทุมธานี,https://scontent.fbkk8-3.fna.fbcdn.net/v/t1.18169-9/26904811_2048453932104635_33373961319915205_n.jpg?_nc_cat=108&ccb=1-7&_nc_sid=13d280&_nc_ohc=_6kGtX1dmaIQ7kNvgGtvXoW&_nc_ht=scontent.fbkk8-3.fna&oh=00_AYAeVnbRrQYLgAIgPRO4hbTofTtCWHhmNIjfbUhy1H_oZA&oe=6729926B,ที่พัก
The Room 24 Resort,The Room 24 Resort ที่พักปทุมธานี แห่งนี้ อยู่ติดถนนใหญ่เลยค่ะ โดยมีความสะดวกสบายมากมาย ทั้งร้านค้าเล็กๆ ร้านอาหารของโรงแรม รวมถึงมีพื้นที่ให้นั่งทำงานอีกด้วย ส่วนกิจกรรมให้ทำ ก็มีตั้งแต่สระว่ายน้ำให้เราไปออกกำลังกายสวยๆ อีกทั้งรอบโรงแรมเองก็มีมุมถ่ายรูปสวยๆ ให้สายแชะเก็บภาพกันด้วย ถ้าอยากไปนอนชิลๆ ก็ต้องมาที่นี่เลย,ซอยเทพกุญชร 23 ตำบลคลองหนึ่ง อำเภอคลองหลวง จังหวัดปทุมธานี,https://cf.bstatic.com/xdata/images/hotel/max500/184884515.jpg?k=709e02200c626ed6c4ddf22024bcc4ff1a3208246e77388a8e2ff80339f21171&o=&hp=1,ที่พัก
Pani Hotel and Resort ,Pani Hotel and Resort ที่พักสไตล์รีสอร์ทของ ปทุมธานี ที่มีบรรยากาศดี เงียบสงบ อยู่ภายในทำเลดี ที่สามารถเดินทางได้อย่างสะดวกสบายนั่นเองค่ะ ห้องพักของที่นี่จะมีด้วยกันทั้งหมด 50 ห้อง แต่ละห้องก็ทั้งกว้างขวางและสะอาดสะอ้าน รวมถึงมีสิ่งอำนวยความสะดวกต่างๆ ครบครัน เป็นพิกัดที่สามารถมานอนชิลๆ ใกล้ๆ กรุงเทพฯ ได้เลยค่า,ตำบลบ้านกลาง อำเภอเมืองปทุมธานี จังหวัดปทุมธานี,https://ak-d.tripcdn.com/images/0226912000aca16rb5F34_R_960_660_R5_D.jpg,ที่พัก
วัดสิงห์,เอาใจสายบุญ และคนที่ชื่นชอบประวัติศาสตร์ ด้วยการพาไปเช็คอินปทุมธานีที่นี่เลยค่ะวัดสิงห์ ไหว้พระ ใกล้กรุงเทพแถมยังได้ศึกษาประวัติศาสตร์โบราณในสมัยอยุธยาอีกด้วย ขยับออกจากกรุงเทพแค่นิดเดียวก็ถึงแล้ว รับรองว่าเป็นสถานที่ท่องเที่ยวที่ตอบโจทย์คนรักประวัติศาสตร์ ได้อิ่มบุญ อิ่มใจกลับไปแน่นอน ตามไปดูกันเลยค่ะ    วัดสิงห์วัดโบราณเก่าแก่ ตั้งอยู่ที่บ้านสามโคก จังหวัดปทุมธานี ถือเป็นวัดคู่บ้านเมืองคู่เมืองปทุมธานีเลยก็ว่าได้ค่ะ ชาวบ้านต่างนิยมมากราบไหว้ และเรียกได้ว่าเป็นที่ศึกษาประวัติศาสตร์ไทย ที่มีมาอย่างยาวนานอีกด้วยค่ะ    วัดสิงห์ก่อสร้างขึ้นมาตั้งแต่สมัยอยุธยา ในตอนที่ชาวมอญอพยพมาตั้งถิ่นฐานที่เมืองนี้ค่ะ ในบันทึกพงศาวดารกรุงศรีอยุธยาวัดสิงห์เป็นวัดคู่เมืองสามโคก บริเวณนี้มีการอพยพเข้าออกมาตั้งถิ่นฐานบ้านเรือนของชาวมอญมาหลายยุคสมัย ตามการสันนิษฐานวัดแห่งนี้น่าจะสร้างขึ้นในสมัยสมเด็จพระบรมไตรโลกนาถหรือในสมัยสมเด็จพระนารายณ์มหาราช ช่วงปี พ.ศ.2202-2210 ที่ตั้งของวัดอยู่ใกล้กับแม่น้ำเจ้าพระยา มีคลองเชื่อมสำหรับเรือเข้าออกเรียกว่า คลองวัดสิงห์ ทำให้ในบริเวณวัดมีโบราณสถานและโบราณวัตถุ ที่น่าสนใจ ควรค่าแก่การศึกษาในด้านประวัติศาสตร์และศิลปะค่ะ     ภายในวัดมีพระพุทธรูปหลวงพ่อโตปูนปั้นลงรักปิดทองปางมารวิชัย ที่นิยมแก่การสักการะของผู้คน และมีพระประธานในอุโบสถ พร้อมด้วยพระอู่ทองอีก 3 องค์ อายุประมาณ 300 ปีเศษเลยทีเดียวค่ะ ที่นี่จึงเป็นแหล่งศึกษาประวัติศาสตร์โบราณคดีขึ้นชื่ออีกแห่งหนึ่ง     อีกทั้งบนกุฏิของวัดมีพิพิธภัณฑ์เก็บรักษาของเก่า ได้แก่ ตุ่มสามโคก ส่วนด้านหน้าวัดมีการขุดค้นพบโบราณสถานเตาโอ่งอ่าง หลักฐานการตั้งชุมชนมอญในสมัยแรก โดยมีตุ่มสามโคกเป็นภาชนะบรรจุที่ใหญ่ที่สุดซึ่งผลิตจากเตานี้ค่ะ  ใครที่เป็นสายบุญ และมีความสนใจในประวัติศาสตร์ การมาที่นี่รับรองว่าเพลิดเพลิน เหมือนได้มาไหว้พระ และเที่ยวชมพิพิธภัณฑ์ไปพร้อมๆ กัน กลับบ้านแบบอิ่มบุญ และได้ความรู้ประวัติศาสตร์โบราณคดีไปด้วยค่ะ,หมู่ 2 บ้านสามโคก ตําบลสามโคก อําเภอสามโคก จังหวัดปทุมธานี,https://scontent.fbkk12-5.fna.fbcdn.net/v/t1.18169-9/27867753_1636287123115880_6336485655682626358_n.jpg?_nc_cat=107&ccb=1-7&_nc_sid=2a1932&_nc_ohc=TAdFGcemCusQ7kNvgEv-6WU&_nc_ht=scontent.fbkk12-5.fna&oh=00_AYB6cDQRiVD8eqcXwar0UPNuf1NPUKam945fI-av5hYQMg&oe=6729B78A,วัด
วัดศรีสโมสร,ตามเราไปไหว้ท้าวเวสสุวรรณใกล้กรุงเทพ กันที่ปทุมธานีดีกว่า วัดนี้ไม่ธรรมดามากๆ นะคะ เพราะมีองค์ท้าวเวสสุวรรณปางที่มีหนึ่งเดียวในไทยเท่านั้น แต่จะเป็นปางอะไรนั้น อย่ารอช้าดีกว่า ขับรถมาเที่ยวปทุมธานี ตรงมาที่วัดศรีสโมสรกันเลยค่า     วัดศรีสโมสรตั้งอยู่ที่คลอง 7 ตำบลบึงบอน อำเภอหนองเสือ จังหวัดปทุมธานี เป็นวัดที่มีไฮไลท์อยู่ที่ท้าวเวสสุวรรณที่ประดิษฐานอยู่ภายในวัด เป็นปางขอพร สมปรารถนาหนึ่งเดียวในไทยเท่านั้น มือจะถือถุงเงินถุงทอง ส่วนที่บริเวณใต้เท้าก็จะมี หีบสมบัติ เปรียบเหมือนเป็น เจ้าสัว ที่มีทรัพย์สมบัติมากมายนั่นเองค่ะ ที่สำคัญเลย คือจะมีสองเศรียร ทั้งหน้ายักษ์และเทพนั่นเองค่ะ      โดยคนส่วนใหญ่จะเดินทางมาไหว้ขอพรในเรื่องของที่ทาง และนิยมแก้บนด้วยลิเก รำไทย หรือ ของไหว้สีแดงต่างๆ ค่ะ ซึ่งองค์ท้าวเวสสุวรรณ นี้มีความสูงประมาณ 2.59 เมตร หล่อขึ้นมาด้วยพิธีเททองหล่อแบบโบราณ ปลุกเสกด้วยพระเกจิอาจารย์ชื่อดังของไทย ภายในจะเป็นเนื้อทองเหลืองผสมทองแท้ สร้างขึ้นเมื่อวันที่ 8 มกราคม ปีพ.ศ. 2559 ค่ะ      นอกจากองค์ท้าวเวสสุวรรณแล้ว ก็ยังมีพระพุทธชินราชที่เป็นไฮไลท์ของวัดนี้ด้วย รวมถึงยังมีพระพิฆเนศ เทพทันใจ พญาอนันตนาคราชเป็นต้น ถือได้ว่าเป็นอีกหนึ่ง วัดดัง ของ ปทุมธานี ที่น่าไปไหว้ขอพรมากๆ ใครเป็นสายบุญ สายมู พลาดไม่ได้เลยนะคะ,คลอง 7 อำเภอหนองเสือ จังหวัดปทุมธานี,https://www.zolitic.com/media/65794978496a6f314c434979496a6f7a4d6a45324e5377694d7949364d5377694e5349364d5449344d4377694e6949364e7a497766513d3d.jpg,วัด
Know Name Café,ใครเป็นสายคาเฟ่ขอให้ยกมือขึ้น! แถมยังชอบกินหมูกระทะก็ขอให้ยกมือขึ้น! บอกเลยว่าว้าวซ่าไม่ไหว กับคาเฟ่รังสิตพิกัดใหม่ ที่ไม่ใช่คาเฟ่ธรรมดาทั่วไป เพราะนี่คือKnow Name Cafe คาเฟ่หมูกระทะ รังสิตสไตล์อเมริกันย้อนยุค ที่ดีต่อใจสายกินเหลือเกิน ได้ฟินกับปิ้งย่างอร่อยๆ แล้วยังได้รูปเก๋ๆ อัพลงโซเชียลอีกเพียบ! มาค่ะ เดี๋ยวจะหาว่าเราโม้ ตามมาดูความดีต่อใจนี้กันเลยดีกว่าค่า    Know Name Cafeพิกัดใหม่ที่สายกินไม่ควรพลาด! โดยเฉพาะสายกินย่านรังสิต เข้ามาในปั้มน้ำมันคาลเท็กซ์ รังสิตคลองสาม มองทางซ้ายมือเจอเลยจ้า บอกเลยว่าใครหาไม่เจอให้มาตีมือได้ เพราะสีสันของร้านดึงดูดสายตาสุดๆ แบบที่ยอมตั้งแต่หน้าประตูเลยทีเดียว!    ร้านหมูกระทะจะไม่ธรรมดาอีกต่อไป! เพราะเค้าตกแต่งมาในสไตล์อเมริกันย้อนยุค เน้นโทนสีแดงสุดเก๋ ที่ไม่ว่าจะแชะภาพมุมไหนก็ปังสุดๆ ที่นั่งเป็นโซฟาสบายๆ ให้อารมณ์เหมือนนั่งอยู่ในคาเฟ่หนังฝรั่งย้อนยุค สายโซเชียลคือเลิฟแน่นอน งานรูปโปรไฟล์ใหม่ต้องมาแล้วจ้า     บรรยากาศภายในร้านกว้างขวาง โล่งโปร่งสบาย เหมาะกับการมานั่งปิ้งย่างหมูกันแบบเพลินๆ ในห้องแอร์ แถมยังเป็นการกินหมูกระทะที่ไม่หัวเหม็นควันโขมงกลับบ้านอีกด้วย เพราะเค้ามีเครื่องดูดควันจากเตาทุกโต๊ะ สาวๆ ไม่ต้องกลัวผมเหม็นแล้วน้า    พูดถึงความดีงามของตัวร้านไปแล้ว เรามาดูเรื่องของปากท้องกันบ้างค่ะ บอกเลยว่าเลิศไม่แพ้ตัวร้านจริงๆ เพราะเค้ามีเมนูอร่อยๆ ให้เลือกเพียบ! แน่นอนว่าหมูกระทะเด็ด น้ำจิ้มสูตรทางร้านก็แซ่บสะใจ แต่ที่พิเศษไปอีกก็คือเมนูซี่โครงหมู BBQ Lava Ribsที่หมักด้วยซอสสูตรพิเศษ ใครได้ลองก็ต้องติดใจ เป็นเมนูที่ไม่อยากให้พลาดเลยค่า    นอกจากเมนูหมูๆ สุดฟินแล้ว ทางร้านยังมีทีเด็ดเป็นเมนูของดองอีกด้วยค่ะ จัดเต็มทั้ง แซลมอน กุ้งสด ปูม้า หรือจะเป็นหนวดปลาหมึก จัดจ้านเข้มข้นทุกจานในน้ำดองสูตรโนวเนม ใครที่เป็นสายดิบสายดองจะพลาดไม่ได้แล้วน้า    สายกินย่านรังสิตที่กำลังมองหาพิกัดดีต่อใจ อร่อยฟิน แถมยังถ่ายรูปปัง ต้องมาที่นี่เลยค่ะKnow Name Cafeคาเฟ่หมูกระทะ รังสิต คลองสาม รับรองว่าทั้งอิ่มท้องและอิ่มใจ หอบความประทับใจกลับบ้านไปแบบแน่นๆ เลยค่ะ 🥰,20/65-68 ถ.รังสิต - นครนายก ต.บึงยี่โถ อ.ธัญบุรี จ.ปทุมธานี,https://www.reviewyourliving.com/wp-content/uploads/2022/01/Know-Name-Cafe-5.jpg,คาเฟ่
กระท่อมลุงจรณ์,"ไหนใครเป็นสายเลี้ยงต้นไม้ สายเลี้ยงแคคตัส มาทางนี้เร็วววว วันนี้เราจะพาไปเที่ยวสวนน้องหนามชื่อดัง ของปทุมธานีกับกระท่อมลุงจรณ์กันค่ะ ต้องบอกว่ามุมถ่ายรูปสวยๆ ชิคๆ ในสวนแคคตัสเยอะมากๆ และแน่นอนว่าต้องได้น้องหนามติดไม้ติดมือกลับไปแน่นอน สวนที่นี่จะสวยขนาดไหนนั้น ตามมาดูกันเลยค่ะ     กระท่อมลุงจรณ์ ตั้งอยู่ที่ ตำบลสามโคก อำเภอสามโคก จังหวัดปทุมธานี เป็นสวรรค์ของคนรักกระบองเพชรเลยค่ะ เพราะที่นี่เป็นสวนกระบองเพชรที่จัดว่ามีขนาดใหญ่มาก และมีต้นกระบองเพชรมากกว่า 2,000 สายพันธุ์เลยทีเดียวค่ะ ไม่ว่าจะเป็นสายพันธุ์ทั่วๆ ไปที่เราเห็นตามท้องตลาด หรือจะเป็นสายพันธุ์หายาก แปลกๆ ก็มีให้ชมและจับจ่าย เช่นเดียวกันค่ะ    สวนของที่นี่จะถูกแบ่งเป็นโซนๆ โดยเราจะสามารถเข้าไปเดินชมสวนและถ่ายรูปสวยๆ ได้ทั้ง 2 โซนเลยค่ะ ทั้ง โซนโรงเรือนด้านหน้า และ โรงเรือนด้านหลัง แบ่งเป็นโซนเลี้ยงต้นไม้ร่มกับโซนต้นไม้แดดต้องบอกว่าแต่ละต้น ก็มีราคาเริ่มต้นกันตั้งแต่หลักสิบบาทไปจนถึงหลักหมื่นบาทเลยค่ะ แต่กระบองเพชรเนี่ย มีระยะเวลาในการปลูกที่นานมากๆ ด้วยนะคะ บางต้นเห็นใหญ่ๆ สูงๆ สวยๆ ก็ต้องใช้เวลาในการปลูกเป็นสิบๆ ปีกันเลยค่ะ สาย Cactus เท่านั้น ถึงจะเข้าใจ   yaipearn / Shutterstock.com  ส่วนใครที่กำลังคิดเริ่มต้นจะเล่น หรือ สนใจที่จะปลูกน้องหนามพวกนี้แล้วล่ะก็ ลองมาดูและศึกษาวิธีการดูแลน้องจากสวน กระท่อมลุงจรณ์ แห่งนี้ก่อนได้เลยค่ะ นอกจากจะได้ศึกษาความรู้ในการเลี้ยงน้องแล้ว รับรองว่าจะได้กระบอกเพชรที่ถูกใจ ติดไม้ติดมือกลับบ้านไปอย่างแน่นอนค่ะ เจ้าน้องหนามน่ารักขนาดนี้จะอดใจได้ยังไงล่ะเนอะ    ใครที่กำลังเบื่อๆ อยากจะหากิจกรรมในบ้านทำ การทำสวน ปลูกต้นไม้ก็ดีงามไม่น้อยเลยค่ะ เริ่มจากเจ้าหนาม ก็อาจจะเป็นการลองฝีมือที่ดีเหมือนกันค่ะ เพราะเจ้าหนามนี่ เหมือนจะเลี้ยงง่ายแต่ก็ไม่ง่ายนะคะ ต้องลองเองค่ะ ถึงจะรู้ แต่ถ้าใครจะมาชมสวน กระท่อมลุงจรณ์ แนะนำว่าต้องโทรมาสอบถามล่วงหน้าก่อนนะคะ เพื่อความชัวร์ค่ะ ว่าแล้วก็ ขับรถแวะมาเที่ยว ปทุมธานี มาหิ้วเจ้าหนาม กลับไปสักต้นสองต้นดีกว่าค่ะ",กระท่อมลุงจรณ์ 81/6 หมู่ 2 วัดสิงห์ ตำบลสามโคก อำเภอสามโคก จังหวัดปทุมธานี,https://miro.medium.com/v2/resize:fit:3200/format:webp/1*ly7dOgfChEWTMAChAwnd6g.jpeg,สถานที่ท่องเที่ยว
ร้านอาหารครูจุก,ร้านอาหารครูจุก ริมแม่น้ำเจ้าพระยา หรือที่เราเรียกติดปากว่า ครัวครูจุก ร้านอาหารริมแม่น้ำเจ้าพระยา ถ้านึกถึงร้านอาหารที่ไปกินทีไรทำให้รู้สึกเหมือน เราได้ไปทานข้าวที่บ้านญาติผู้ใหญ่ เหมือนการรวมตัวกันแบบเทศกาลต่าง ๆ ของต่างจังหวัด  ปีใหม่ สงกรานต์ เพราะว่าพ่อครัว แม่ครัว พูดคุยกัน เสียงโขลกเครื่องแกง เสียงทอด เวลาที่เรานั่งรอ ทำให้รู้สึกอบอุ่นแบบบอกไม่ถูก ประทับใจตั้งแต่ครั้งแรก และก็เป็นที่นี่บ่อยครั้งที่เลือกไปนั่ง กินลม ชมวิว ชมพระอาทิต์ตก มีอาหารจานโปลด หอบความรู้สึก ยินดี เสียใจ เครียด เอาเป็นว่าเหมือนไปนั่งกินข้าวที่มียาย มีแม่ ทำให้กิน  คนไกลบ้านอย่างเราก็ Spark Joy กับร้านนี้เข้าแล้ว,อำเภอสามโคก ปทุมธานี,https://img.wongnai.com/p/1920x0/2023/10/16/992eb73058c5457ebd6050dc72ce1b1f.jpg,ร้านอาหาร
Florista Cafe And Eatery,Florista Cafe And Eatery คาเฟ่ ร้านอาหารบรรยากาศดี ที่น่าไปนั่งทานข้าวชิลๆ กับครอบครัวในวันหยุดค่ะ ขยับออกมาจากกรุงเทพฯ นิดหน่อย แต่ให้ความชิลได้ดีมากจริงๆ ทางร้านมีเมนูอร่อยให้เลือกหลากหลาย จบครบทั้งคาวหวาน ตัวร้านสวยงามกว้างขวาง ไปเพลิดเพลินกับสวนสไตล์อังกฤษ มีไอหมอกสวยๆ แน่นอนว่ามุมถ่ายรูปดีต่อใจสายแชะ มีต้นไม้สวยๆ สีสันสดใส รับรองว่ามาแล้วต้องดีต่อใจค่า,คลอง 7 ถนน รังสิต-นครนายก ตำบล ลำผักกุด อำเภอ ธัญบุรี จังหวัด ปทุมธานี,https://img.wongnai.com/p/1920x0/2018/10/08/375fb8586bc844fdb2f20e7e29cedeb6.jpg,ร้านอาหาร
ต้นข้าวหอม Cafe & Farm,ต้นข้าวหอม Cafe & Farm คาเฟ่ ร้านอาหาร ที่น่าไปนั่งชิลในปทุมธานี เหมาะกับการพาครอบครัวมาทานข้าว พักผ่อนหย่อนใจ ในบรรยากาศสุดชิล สไตล์ฟาร์มค่ะ มีวิวทุ่งนา วิวริมน้ำ มีธรรมชาติมากมายให้ได้มอง แถมยังมีแปลงผัก บ่อปลา ฟาร์มไก่ และสามารถป้อนหญ้าให้น้องควายได้อีกด้วยค่ะ รับรองว่าแฮปปี้ทั้งบ้านแน่นอน,41/3 ต.ระแหง อ.ลาดหลุมแก้ว จ.ปทุมธานี,https://scontent.fbkk12-5.fna.fbcdn.net/v/t1.6435-9/118003747_964035850781927_96907773507414490_n.jpg?_nc_cat=107&ccb=1-7&_nc_sid=127cfc&_nc_ohc=elPcfq-hDAoQ7kNvgERcsd1&_nc_ht=scontent.fbkk12-5.fna&_nc_gid=A-cLtrfZqOPYSfmqcaDpHeH&oh=00_AYAfMDaLg9LXZIKPswfXbTefpWXzBNn2TY8Y-YYORgqCEw&oe=6729903C,คาเฟ่
ร้านอาหารบ้านเคียงน้ำ,ร้านอาหารบ้านเคียงน้ำ ร้านอาหารบรรยากาศดี ริมแม่น้ำเจ้าพระยา ใครมาก็ต้องประทับใจในบรรยากาศและอาหารอร่อยๆ ค่ะ มานั่งทานข้าวชมวิวแม่น้ำเจ้าพระยา ลมพัดเย็นสบาย ทำให้อาหารตรงหน้าอร่อยขึ้นจริงๆ เมนูดีต่อใจที่ห้ามพลาดเลยก็คือ ไข่ตุ๋นจักรพรรดิ และเมนูดาวล้อมเดือนค่ะ วันหยุดนี้ลองชวนครอบครัวเปลี่ยนบรรยากาศทานข้าวนอกบ้าน รับรองว่าแฮปปี้แน่นอนค่า,14/1 ม.3 ต.บ้านปทุม อ.สามโคก จ.ปทุมธานี,https://www.ryoiireview.com/upload/article/202202/1645604881_c1a0f6d70d15f1240edafbfe3ab63f08.jpg,ร้านอาหาร
วัดเจดีย์ทอง,ประวัติความเป็นมาของชาวมอญ นอกจากจะอยู่ที่กาญ อย่างที่เรารู้ๆ กันแล้วนั้น ที่ปทุมธานีเอง ก็มีเรื่องราวไม่น้อยเหมือนกัน อย่างที่วัดเจดีย์ทองก็เป็นอีก วัดสวย ที่มีความสวยผสมผสานในแบบมอญ และเรื่องราวของชาวมอญอยู่ นอกจากจะได้ไปไหว้พระแล้ว เรายังได้รู้ถึงเรื่องราวในชุมชนมอญเมื่อครั้งในอดีตกันอีกด้วยค่ะ     วัดเจดีย์ทองตั้งอยู่ที่ ตำบลคลองควาย อำเภอสามโคก จังหวัดปทุมธานี ว่ากันว่าวัดนี้ สร้างขึ้นในสมัยอยุธยา หลักฐาน ก็คือ เสมาขนาดใหญ่หินทรายแดง ที่ต่อมาในสมัยกรุงธนบุรีและต้นกรุงรัตนโกสินทร์ พระยาราม ราชบุตรเขยพระยาเจ่ง เป็นผู้ริเริ่มบูรณะและสร้างถาวรวัตถุและกุฏิศาลาขึ้นมาใหม่ค่ะ   dreamloveyou / Shutterstock.com  เอกลักษณ์ของ วัดเจดีย์ทอง คือ เจดีย์สีทอง ที่สร้างในสมัยต้นกรุงรัตนโกสินทร์ โดยชาวมอญ เป็นสถาปัตยกรรมมอญที่เลียนแบบมาจาก เจดีย์จิตตะกอง ของเมียนม่า เป็นเจดีย์ทองผสมสีขาว รูปแบบรามัญ ทรงระฆัง ยอดเจดีย์เป็นปล้องไฉนก่อด้วยอิฐฐานสี่เหลี่ยมสวยงาม ภายในประดับด้วยกระจกสี และยอดจะประดับด้วยฉัตร 9 ชั้น  ประดิษฐานพระพุทธรูป คือ พระพุทธรูปหยกขาว หรือ หลวงพ่อขาว ที่เป็นศิลปะแบบล้านนาอีกด้วยค่ะถัดจาก เจดีย์ทอง ก็จะมีเจดีย์ขนาดเล็กๆ อีกอัน ที่มีสีสันสดใส ประดับตกแต่งด้วยชิ้นส่วนกระเบื้องเคลือบสีสันต่างๆ มากมาย เป็นรูปแบบของศิลปะแบบจีน รูปดอกไม้ รูปตุ๊กตาคนนั่งในมุมต่างๆ ที่แปลกตาแต่ดูแล้วก็มีความน่ารักมากๆ อย่างบอกไม่ถูกเลยค่ะ วัดเจดีย์ทอง นี้ จะตั้งอยู่ติดกับแม่น้ำเจ้าพระยา โดยเส้นทางริมน้ำนี้ นอกจากวัดนี้ ก็ยังมี วัดสวย อีกหลายแห่งมากมาย และยังมีสถานที่ที่สะท้อนเรื่องราวในอดีตของชุมชนมอญอีกด้วยค่ะ    สามารถใช้เส้นทาง สายปทุมธานี-สามโคก ขับไปประมาณ 8 กิโลเมตร จากนั้นให้เลี้ยวแยกไปขวา เข้าไปอีก 500 เมตรก็จะถึงวัดค่ะ ใครมีโอกาสได้ขับรถไปเที่ยว ปทุมธานี ก็อย่าลืมแวะไปกราบสักการะ หลวงพ่อขาว และไปชมวัดสวยๆ กันได้ค่ะ ที่สำคัญอย่าลืมถ่ายภาพกับเจดีย์สีทองกันมาด้วยนะคะ,หมู่ 1 ตำบลคลองควาย อำเภอสามโคก จังหวัดปทุมธานี,https://cms.dmpcdn.com/travel/2021/05/06/685c4f50-ae32-11eb-ae11-cf473c2984b4_original.jpg,วัด
วัดบางกุฎีทอง,"ที่เที่ยวใกล้กรุงเทพที่อยากพาทุกคนไปเยือนอยู่แถวๆปทุมธานีนี่เองค่า เป็น วัดสวย ที่มีองค์พระหนึ่งเดียวในไทย ขนาดใหญ่ที่สุดในโลกอยู่ วัดนี้มีชื่อว่าวัดบางกุฎีทองนั่นเองค่ะ วันหยุดนี้ถ้าใครไม่รู้จะไปเที่ยวไหน ก็ขับรถมาเที่ยวใกล้ๆ กรุงเทพ กันที่นี่ได้เลยค่า     วัดบางกุฎีทองอยู่ใน ตำบลบางกะดี อำเภอเมืองปทุมธานี จังหวัดปทุมธานี ซึ่งเป็นที่ประดิษฐานพระพรหมองค์ใหญ่ที่สุดในโลกโดยตั้งอยู่บนวิหารแก้วจตุมุข ขนาดกว้าง 10.2 เมตร ยาว 14.5 และสูง 16.5 เมตร ซึ่งองค์พระพรหมนี้ ก่ออิฐถือปูนเมืองเพชรบุรี และปิดทองทำ ฝังอัญมณี แก้วนาคราช ประดับกระจกแก้วสีนั่นเองค่ะ    อีกทั้งยังมีเพชรชวารอฟกี้ มากกว่า 100,000 เมตร โดยพระพรหมองค์นี้ใช้เวลาก่อสร้างราวๆ 5 ปีกว่า สร้างขึ้นโดยท่าน หลวงพ่อชำนาญ อุตตมปัญโญ (ท่านพระครูปทุมวรกิจ) เจ้าอาวาส วัดบางกุฎีทอง แห่งนี้นั่นเองค่ะ และได้ทำพิธีเปิดให้พุทธศาสนิกชนได้เข้ามากราบไว้บูชา ซึ่งก็มีทั้งศิษยานุศิษย์และประชาชนทั่วไปเข้ามากันเป็นจำนวนมากเลยทีเดียว    นอกจากนี้ทาง วัดบางกุฎีทอง ยังมีการจัดงานนมัสการหลวงพ่อดำ-หลวงพ่อขาว พิธีกวนข้าวทิพย์ และ พิธีสะเดาะเคราะห์ต่อชะตาชีวิต ในช่วงต้นปีที่มีชื่อเสียงและเปิดให้ประชาชนทั่วไปเข้าร่วมได้อีกด้วยค่ะ เป็น วัดสวย ใกล้กรุงเทพฯ ที่ทั้งดงามและมีสิ่งก่อสร้างหาชมได้ยากแบบนี้ ใครอยากไปเยือน สักการะองค์พระ ก็ตามเรามาเที่ยวที่ ปทุมธานี ได้เลยค่า",ถนนบางกุฏีทอง ตำบลบางกะดี อำเภอเมืองปทุมธานี จังหวัดปทุมธานี 12000,https://www.tripniceday.com/_next/image?url=https%3A%2F%2Fstorage.googleapis.com%2Ftripniceday%2Fuploads%2Fplaces%2F1623615826802.jpg&w=2048&q=75,วัด
ตลาดระแหง 100 ปี,ตามเรามาชิลเที่ยวใกล้กรุงเทพกันแบบOne Day Tripกับตลาดเก่าที่มีชีวิต ได้บรรยากาศกลิ่นอายสมัยคุณพ่อคุณแม่ยังสาว ที่ตลาดระแหง 100 ปีที่เที่ยวปทุมธานีอีกแห่งที่เต็มไปด้วยวิถีชีวิต ให้เราได้มาเที่ยว ชิม ช้อป ของดี ของถูก ของโบราณต่างๆ อีกทั้งยังได้สัมผัสวิถีชีวิตของผู้คนในท้องที่ด้วยค่ะ  ตลาดระแหง 100 ปีตั้งอยู่ติดกับ คลองพระอุคม เป็นตลาดซึ่งเกิดจากการอนุรักษ์ตลาดเก่า เพื่อให้เป็นแหล่งท่องเที่ยวเชิงอนุรักษ์ของจังหวัดปทุมธานีค่ะ โดยจะเปิดให้นักท่องเที่ยวมาเที่ยวได้ในช่วงวันหยุดเสาร์-อาทิตย์ นั่นเอง   ลักษณะของตลาดแห่งนี้ จะเป็นห้องแถวซึ่งสร้างด้วยไม้ ตั้งเรียงรายอยู่ทั้งสองฝั่งคลอง เนื่องจากผู้คนในสมัยก่อนเดินทางกันด้วยทางเรือ และทางรถไฟ เป็นหลักค่ะ แต่เมื่อเริ่มมีการตัดถนน ทำให้ผู้คนหันไปเดินทางด้วยรถยนต์แทน อีกทั้งทางรถไฟ สายตลาดระแหง-บางบัวทอง ก็ยกเลิกไป ทำให้ในทุกวันนี้เราจะได้เจอแค่เพียงตลาดเก่าระแหงที่ยังคงอยู่ค่ะภายในตลาดจะมีร้านรวงขายสินค้าต่างๆ เช่น ขนมพื้นบ้าน ขนมไทยโบราณ ผลิตผลทางการเกษตร ของเกษตรกรในพื้นที่ที่นำมาวางขายให้เราได้ของดีราคาถูกค่ะ อีกทั้งยังมีร้านอาหารต่างๆ ร้านขายยาจีนและยาแผนโบราณ ร้านตัดผมรุ่นคุณปู่ ทำให้บรรยากาศภายในตลาดเต็มไปด้วยความคลาสสิค และวินเทจ มีข้าวของโบราณที่เราไม่ค่อยได้เห็นมาก่อน หรือเคยเห็นตอนสมัยเด็กๆ เยอะแยะเลยค่ะ นอกจากนี้ยังมีบ้านโบราณของนายเกียรติคุณ สุทธาภิรมย์นายกเทศมนตรีตำบลระแหง ซึ่งจัดทำเป็นพิพิธภัณฑ์แสดงข้าวของเครื่องใช้ในสมัยโบราณ และเปิดให้เข้าชมฟรีอีกด้วย ใครที่อยากสัมผัสบรรยากาศ กลิ่นอายคลาสสิค มาถ่ายรูปสวยๆ ได้มุมชิลๆ วินเทจ หาเวลาแวะมาเที่ยวที่นี่กันได้ค่ะ ในช่วงวันหยุดเสาร์-อาทิตย์ รับรองว่า ทั้งชิล และ ได้ชิม ได้ช้อป ของอร่อยกลับบ้านอีกด้วยน้า,ถนนปทุม-สามโคก ตำบลระแหง อำเภอลาดหลุมแก้ว จังหวัดปทุมธานี,https://www.thailandplus.tv/wp-content/uploads/2019/08/S__12083409.jpg,ตลาด
วัดบางหลวง,"ใครมีแพลนไปเที่ยวปทุมธานีแนะนำให้แวะไปที่วัดบางหลวง วัดสวยปทุมธานีที่มีความเก่าแก่ตั้งสมัยกรุงศรีอยุธยา อีกทั้งยังเป็นที่ประดิษฐานพระปทุมธรรมราชพระพุทธรูปประจำจังหวัดปทุมธานีที่ขึ้นชื่อในเรื่องของความศักดิ์สิทธิ์เป็นอย่างมาก ภายในวัดเต็มไปด้วยสถาปัตยกรรมไทยอันงดงาม บ่งบอกถึงศิลปะในแต่ละยุคสมัย ผสมผสานเข้ากับศิลปะแบบมอญอย่างลงตัว แถมยังมีบรรยากาศเงียบสงบ เดินไปไม่ไกลก็ถึงริมฝั่งแม่น้ำเจ้าพระยา ชิลดีจริงๆ ค่ะ     วัดบางหลวงเป็นวัดเก่าแก่อายุกว่า 300 ปี สร้างขึ้นเมื่อปี พ.ศ. 2230 ตั้งอยู่ริมฝั่งตะวันตกของแม่น้ำเจ้าพระยา ตำบลบางหลวง อำเภอเมืองปทุมธานี จังหวัดปทุมธานี จากบันทึกของพระรามัญมุนี(สุทธิ์ ญาณรสี) อดีตเจ้าอาวาสวัดบางหลวงและอดีตเจ้าคณะจังหวัดปทุมธานีได้กล่าวเอาไว้ว่า วัดแห่งนี้สร้างขึ้นในสมัยอยุธยา นามว่าวัดสิงห์ซึ่งในสมัยก่อนนั้น วัดบางหลวงได้แบ่งออกเป็น 2 วัด คือวัดบางหลวงนอกและวัดบางหลวงในวัดบางหลวงนอกคือโซนของวัดที่อยู่ติดริมแม่น้ำเจ้าพระยา ส่วนวัดบางหลวงในคือโซนที่เขยิบเข้ามาด้านในอีกหน่อยค่ะ     วัดบางหลวงนั้นมีสิ่งก่อสร้างที่สำคัญและเก่าแก่อยู่หลายจุด แต่ละจุดนั้นสร้างขึ้นในยุคสมัยที่แตกต่างกัน ไม่ว่าจะเป็นอุโบสถหลวงพ่อใหญ่ วิหารหลวงพ่อศักดิ์สิทธิ์ ศาลาหงส์ทองเป็นต้น และเนื่องจากเป็นวัดมอญ ภายในวัดจึงมีสิ่งก่อสร้างสถาปัตยกรรมแบบมอญอยู่หลายจุด ที่เด่นๆ เลยก็คือเสาหงส์และ เจดีย์ทรงมอญที่ถอดแบบมาจากเจดีย์ชเวดากองที่เมียนมานั่นเองค่ะ        เริ่มด้วยการไปกราบไหว้หลวงพ่อใหญ่พระพุทธรูปองค์ประธานในอุโบสถที่ใหญ่ที่สุดในปทุมธานี สถาปัตยกรรมของอุโบสถหลวงพ่อใหญ่นั้นเป็นสถาปัตยกรรมแบบไทยโบราณ สร้างขึ้นในสมัยกรุงศรีอยุธยา คือมีใบเสมาหินทราย และจิตรกรรมฝาหนังอันวิจิตรงดงาม วาดเขียนขึ้นเมื่อสมัยกรุงศรีอยุธยาต้นปลายตลอดมาจนถึงสมัยกรุงรัตนโกสินทร์ตอนต้น เนื่องจากภาพจิตรกรรมฝาผนังมีความเก่าแก่เป็นอย่างมากจึงอยู่ในความดูแลของกรมศิลปากร และไม่อนุญาตให้จับต้องค่ะ    นอกจากหลวงพ่อใหญ่ที่เป็นองค์พระประธานแล้ว ภายในอุโบสถยังเป็นที่ประดิษฐานหลวงพ่อเพชรพระพุทธรูปสมัยเชียงแสนที่มีการค้นพบระหว่างการขุดคลองลัดเตร็ดใหญ่ จากนั้นชาวบ้านก็นำมาหลบซ่อนเอาไว้ในวัดไม่ให้หลวงรู้ ผู้คนจึงเรียกวัดแห่งนี้ว่า""วัดบังหลวง""และเปลี่ยนมาเป็น""วัดบางหลวง""ในภายหลัง ความพิเศษของหลวงพ่อเพชรคือ สามารถขยับพระหัตรซ้ายได้ เป็นเอกลักษณ์ของศิลปะในยุคก่อนเพื่อให้ดูคล้ายว่าพระองค์นี้มีชีวิตจริงๆ ค่ะ     จากนั้นเราก็มาสักการะพระปทุมธรรมราชพระพุทธรูปประจำจังหวัดปทุมธานี เป็นพระพุทธรูปที่สร้างขึ้นในสมัยรัชกาลที่ 5 พร้อมกับการสร้างพระประจำเมืองทั้งหมด 4 องค์ ได้แก่พระปทุมธรรมราชพระพุทธรูปประจำเมืองปทุมธานีพระนนทนารถชินวรพระพุทธรูปประจำเมืองนนทบุรีพระนครศาสดาพระพุทธรูปประจำเมืองนครเขื่อนขันธ์​ และพระสมุทรมหามุนินทร์พระพุทธรูปประจำเมืองสมุทรปราการ โดยพระปทุมธรรมราชนั้น หล่อด้วยโลหะผสม ปางขัดสมาธิเพชร หน้าตักกว้าง 3 คืบ ห่มจีวรสังฆาฏิพาดบ่า ประดิษฐานบนฐานบัวคว่ำบัวหงาย ความสูงตลอดจนถึงเกศ 65 นิ้ว ขึ้นชื่อในเรื่องความศักดิ์สิทธิ์ หากได้ไปขอพรองค์ท่านก็จะได้ประสบความสำเร็จในเรื่องหน้าที่การงาน และความเจริญรุ่งเรือง     ต่อด้วยหลวงพ่อศักดิ์สิทธิ์ที่ประดิษฐานภายในวิหารหลวงพ่อศักดิ์สิทธิ์สร้างขึ้นในสมัยรัชกาลที่ 5 เช่นเดียวกันค่ะ เชื่อว่าใครมากราบไหว้ขอพรท่านเรื่องหน้าที่การงาน ก็จะประสบความสำเร็จ และมีความเจิรญรุ่งเรือง นับว่าศักดิ์สิทธิ์สมชื่อจริงๆ ค่ะ       ก่อนเดินทางไปยังส่วนของวัดบางหลวงนอก เราจะผ่านสะพานโค้ง 100 ปีสะพานเก่าแก่ที่ไม่มีเสาค้ำด้านล่างเลย แต่ยังคงแข็งแรงมาจนถึงปัจจุบัน ด้านหน้าจะเป็นส่วนของชุมชนวัดบางหลวง รวมถึงองค์เจดีย์เก่าแก่ที่เป็นส่วนหนึ่งของวัดบางหลวงนอกนั่นเองค่ะ    เดินออกไปอีกหน่อยก็จะถึงริมแม่น้ำเจ้าพระยา เรามีโอกาสได้เห็นชาวบ้านออกมาเหวี่ยงแหจับปลา และนั่งเล่นริมน้ำ เหมือนได้มาสัมผัสวิถีชีวิตชาวบ้านท้องถิ่นอย่างใกล้ชิด นับเป็นการมาทำบุญใกล้กรุงเทพฯ ที่น่าประทับใจทริปหนึ่งเลยค่ะ เพราะนอกจากจะได้ชมสถาปัตยกรรมสวยๆ และกราบไหว้พระพุทธรูปศักดิ์สิทธิ์ประจำจังหวัดปทุมธานีแล้ว ยังได้สัมผัสบรรยากาศเงียบสงบสุดสโลว์ไลฟ์ริมน้ำด้วย",ตำบลบางหลวง อำเภอเมืองปทุมธานี จังหวัดปทุมธานี,https://bangluangcity.go.th/public/list_upload/backend/list_255/pics_563_12.jpg?226,วัด
Mushroom Hut Cafe,ปทุมธานีถือเป็นย่านรวมคาเฟ่สุดชิลไม่ไกลกรุงเทพ โดยวันนี้เราจะพามารู้จักกับMushroom Hut Cafeคาเฟ่สีเขียวใต้ต้นไม้ใหญ่สุดร่มรื่น ที่พร้อมเสิร์ฟทั้งอาหาร เครื่องดื่ม และขนม พร้อมดนตรีสดช่วงเย็น เรียกว่าเป็นอีกร้านครบเครื่องที่คนกรุงเทพและคนปทุมไม่ควรพลาด        Mushroom Hut Cafeจากร้านฟาร์มกล้วยไม้ รีโนเวทเป็นร้านอาหารภายใต้ฟาร์มเห็ดที่ทางร้านได้นำมาเป็นส่วนผสมหลักของเมนูที่นี่ และด้วยความเคยเปิดเป็นฟาร์มกล้วยไม้มาก่อน ทำให้บริเวณโดยรอบของร้านรอบล้อมไปด้วยแมกไม้สีเขียว รวมถึงต้นไม้ใหญ่ที่ปกคลุมไปทั่วทั้งร้าน ทำให้ตลอดทั้งวัน แม้จะนั่งอยู่ด้านนอกก็แทบไม่เจอแดดเลย       ที่ร้านมีมุมให้เลือกนั่งหลายส่วนไม่ว่าจะเป็นโซนด้านในที่แอร์เย็นฉ่ำ ตกแต่งด้วยผนังอิฐสีส้ม หรือจะเป็นบริเวณสวนด้านนอก ที่มีทั้งในร่ม และศาลากลางไม้ บอกเลยว่านั่งมุมไหนก็สามารถสัมผัสธรรมชาติได้อย่างเต็มที่         ในส่วนเมนูอาหาร ที่ร้านจะเน้นไปที่อาหารฝรั่ง เริ่มกันที่สปาเก็ตตี้ซอสโบโลนีสที่ได้รสชาติซอสมะเขือเทศเข้มข้น ตามมาด้วยพิซซ่าแฮมเห็ดที่ใช้เห็ดจากฟาร์มของทางร้านเอง ทั้งสด อร่อย เป็นเมนูที่ไม่ควรพลาด       ส่วนเมนูทานเล่นก็จะมีซุปเห็ดที่หอมกลิ่นเห็ดขึ้นจมูกเลยทีเดียว หรือจะเป็นผักโขมอบชีสที่ได้รสชาติชีสเน้นๆ เป็นเมนูที่กินได้ทั้งครอบครัว นอกจากนี้ยังมียำสลัดปูอัด และเฟรนฟรายเป็นต้น        ในส่วนของเครื่องดื่มสดชื่นมีเรนโบว์โซดา มัลเบอร์รี่โซดา พีชโซดา อัญชันมะนาวแต่ละเมนูบอกเลยว่าดับกระหายคลายร้อนได้เป็นอย่างดี หรือใครอยากกินไอศกรีมหวานเย็น เราขอแนะนำไอศกรีมลิ้นจี่ ไอศกรีมมะม่วงที่ทางร้านทำเองสไตล์โฮมเมดอีกด้วย          ถือเป็นร้านคาเฟ่บรรยากาศดี ภายใต้บรรยากาศร่มรื่น พร้อมด้วยอาหาร เครื่องดื่ม และขนมแสนอร่อย แถมอยู่ไม่ไกลกรุงเทพแบบนี้ พลาดไม่ได้แล้ว!,ตำบลคลองควาย อำเภอสามโคก ปทุมธานี,https://www.ryoiireview.com/upload/article/202101/1610602538_e89666feb714ab9c3946f28f00c5d8c4.jpg,คาเฟ่
ตลาดโบราณ 100 ปี คลอง 12 หกวา,บ่ายๆ จนเกือบเย็นแล้ว เราไปเดินชมบ้านโบราณของชุมชนกันบ้างดีกว่า ที่นี่คือ ตลาดโบราณ 100 ปี คลอง 12 หกวา เอกลักษณ์และเสน่ห์ของที่นี่จะอยู่ที่บ้านแต่ละหลังจะมีความเก่าแก่และไม่เหมือนกันเลย เป็นบ้านโบราณที่ยังคงใช้บ้างและบางส่วนก็มีการอนุรักษ์กันไว้ ที่สำคัญยังเคยใช้เป็นสถานที่ถ่ายทำละครและหนังชื่อดังเยอะแยะมากมายเลยนะคะ อย่างเช่น ละครทองเนื้อเก้า ค่ะ เป็นบรรยากาศสบายๆ แต่ให้ความอบอุ่นมากๆ ใครจะเช่าจักรยานมาเที่ยวตลาดและชุมชนแห่งนี้ก็ได้ หรือจะเดินชิลๆ ถ่ายรูปบ้านเรือนก็ดีงามเช่นกัน นอกจากจุดไฮไลท์ของที่นี่จะอยู่ที่บริเวณโรงถ่ายละครแล้ว ก็ยังมีบริเวณของสะพาน ที่เป็นไฮไลท์และสตรีทอาร์ทสวยๆ ให้เราได้ชมกันอีกด้วย ใครอยากแชะภาพวินเทจๆ ต้องไม่พลาดแล้ว,ตำบลลำไทร อำเภอลำลูกกา จังหวัดปทุมธานี,https://static.thairath.co.th/media/Dtbezn3nNUxytg04anBwNhIZSGodUXrzWik5pLJ995cDe2.webp,ตลาด
วัดหงษ์ปทุมาวาส,วัดหงษ์ปทุมาวาส เป็นวัดที่สร้างโดยชาวมอญที่อพยบหนีพม่ามาไทยในสมัยพระเจ้ากรุงธนบุรีในปี พ.ศ.2317 และมีเสาหงส์ ซึ่งเป็นสัญลักษณ์ของวัดมอญอยู่ ที่นี่จึงเป็นวัดเก่าแก่ที่คนพื้นที่นิยมมาสักการะบูชาค่ะ ภายในวัดจะมี พระพุทธชินราชจำลองปางมารวิชัย เจดีย์มอญจำลองแบบมาจากเจดีย์ชเวดากองในเมืองหงสาวดี วิหารจำลองแบบมาจากรุงหงสาวดีมีลวดลายที่สวยงามมากๆ รวมไปถึงยังเป็นวัดที่ได้รับรางวัลชนะเลิศในโครงการอนุรักษ์พันธุ์ปลาหน้าวัดด้วยค่ะ เพราะมีปลาต่างๆ มากมาย ทั้ง ปลาสวาย ปลาเทโพ ปลาแรด ปลาตะเพียน เป็นต้น,ซอยศรีปทุม2 ตำบลบางปรอก อำเภอเมืองปทุมธานี จังหวัดปทุมธานี,https://img-prod.api-onscene.com/cdn-cgi/image/format=auto%2Cwidth=1600%2Cheight=900/https://sls-prod.api-onscene.com/partner_files/trueidintrend/295436/S__17801283.jpg,วัด
วัดประชุมราษฎร์,ที่เที่ยวไม่ไกลจาก กรุงเทพ ต้องยกให้ปทุมธานีนี่แหละค่ะ ที่มาง่ายๆ เดินทางสะดวก และที่เที่ยวดังยอดฮิตของจังหวัดนี้ ก็คงจะหนีไม่พ้น วัดสวย อันมากมาย อยู่ตามทุกพื้นที่ วันนี้เลยจะพาไปวัดที่อยู่ใน ลำลูกกา อย่างวัดประชุมราษฎร์นั่นเองค่า      วัดประชุมราษฎร์จะตั้งอยู่หมู่ที่ 11 บ้านปากคลองหก ถนนลำลูกกา ตำบลบึงคำพร้อย อำเภอลำลูกกา จังหวัดปทุมธานี โดยเป็นวัดสังกัดคณะสงฆ์มหานิกาย สร้างขึ้นเมื่อประมาณปี พ.ศ 2400 เป็นวัดที่มีพระพุทธรูปองค์ใหญ่ตั้งอยู่อย่างโดดเด่นเลย โดยชาวบ้านจะเรียกกันว่า วัดปากคลองหก เพราะอยู่ทางด้านทิศเหนือของคลองหกวานั่นเองค่ะ    โดยพระพุทธรูปองค์ใหญ่นั้นก็คือหลวงพ่อใหญ่พระพุทธมงคลนิมิต พระพุทธรูปองค์ใหญ่สีทองสวยที่สุดในลำลูกกา สามารถเห็นได้จากระยะไกลเลยค่ะ ภายในจะสร้างจากคอนกรีตเสริมเหล็ก ขนาดหน้าตักกว้าง 15 เมตร สูง 29 เมตร และมีฐานดอกบัวตกแต่งด้วยกระเบื้องโมเสค สร้างขึ้นมาจากเนื่องในโอกาส ฉลองสิริราชสมบัติครบ 50 ปี พ.ศ.2539 ค่ะ   YuenSiuTien / Shutterstock.com  นอกจากองค์หลวงพ่อใหญ่ที่เราต้องไปสักการะแล้ว ก็ยังมีสิ่งศักดิ์สิทธิ์อื่นๆ อีกมากมาย ไม่ว่าจะเป็น เทพทันใจ ไอ้ไข่ พญานาคหลวงปู่ศรีสุทโธ พระราหู เป็นต้น และยังมีสวนที่เราสามารถมาให้อาหารเต่าได้อีกด้วยค่ะ เป็นอีก วัดสวย ที่อยู่ไม่ไกลจากกรุงเทพฯ ที่อยากให้สายบุญมาเที่ยวและไหว้พระกันดูค่า น่าจะอิ่มบุญอิ่มใจกลับไปแน่นอน,ถนนลำลูกกาคลอง 6 ตำบลบึงคำพร้อย อำเภอลำลูกกา จังหวัดปทุมธานี,https://www.veniceresorthotel.com/wp-content/uploads/2020/05/topic_picture_3_3.jpg,วัด
วัดชัยสิทธาวาส,"ปทุมธานีเป็นแหล่งรวมวัดดังที่มีความศักดิ์สิทธิ์อยู่หลายแห่ง หนึ่งในนั้นก็คือวัดชัยสิทธาวาส ที่เที่ยวปทุมธานีที่มีชื่อเสียงโด่งดังในเรื่องการมากราบไหว้เสด็จเจ้าปู่ท้าวพญายมราชและท้าวเวสสุวรรณเชื่อว่าหากใครได้มากราบไหว้แล้วก็จะพบกับโชคลาภ ความเจริญรุ่งเรือง และแคล้วคลาดจากอุปสรรคอันตรายทั้งปวง เหมาะกับการไปไหว้พระใกล้กรุงเทพในวันหยุดเป็นอย่างมากค่ะ     วัดชัยสิทธาวาสตั้งอยู่ใน ตำบลกระแชง อำเภอสามโคก จังหวัดปทุมธานี เดิมมีชื่อว่าวัดป่าเป็นวัดเก่าแก่ที่สร้างขึ้นในสมัยกรุงศรีอยุธยาตอนปลาย เมื่อปี พ.ศ. 2300 ได้รับพระราชทานวิสุงคามสีมาเมื่อวันที่ 9 เมษายน พ.ศ. 2400ก่อนจะเปลี่ยนชื่อเป็น ""วัดชัยสิทธาวาส"" นับตั้งแต่ปี พ.ศ. 2486 เป็นต้นมา มีชื่อเสียงในเรื่องของการมากราบไหว้เสด็จเจ้าปู่ท้าวพญายมราชที่อัญเชิญมาประดิษฐานที่ศาลเสด็จเจ้าปู่พญายมราชนอกจากนี้ยังเป็นที่ประดิษฐานท้าวเวสสุวรรณรวมถึงหลวงพ่อโชคดีที่ประดิษฐานในอุโบสถมหาอุตม์ด้วยค่ะ     เมื่อมาถึงวัดชัยสิทธาวาส ผู้คนส่วนใหญ่จะนิยมมาไหว้เสด็จเจ้าปู่ท้าวพญายมราชและท้าวเวสสุวรรณที่ประดิษฐานอยู่ในศาลเสด็จเจ้าปู่พญายมราชเชื่อว่ามีความศักดิ์สิทธิ์เป็นอย่างมาก ส่วนใหญ่แล้วจะขอพรในเรื่องโชคลาภ เงินทอง การงาน และสุขภาพ เพื่อให้แคล้วคลาดจากอุปสรรคอันตรายทั้งปวง นอกจากจะไหว้องค์ท่านเพื่อความเป็นสิริมงคลแล้ว ที่นี่ยังมีเสด็จเจ้าปู่ท้าวพญายมราช และท้าวเวสสุวรรณให้เช่ากลับไปเคารพบูชาเพื่อความเป็นสิริมงคลด้วยค่ะ        ภายในวัดยังมีอุโบสถมหาอุตม์เป็นสถานที่สำคัญซึ่งสร้างขึ้นเมื่อปี พ.ศ. 2300 เพื่อทำพิธีปลุกเสกเครื่องรางของขลังตามความเชื่อของคนสมัยก่อน และยังคงใช้งานอยู่ในปัจจุบัน โครงสร้างของอุโบสถนั้นไม่มีโครงสร้างจากเหล็ก แต่ก่อด้วยอิฐแบบสมัยโบราณ ด้านในประดิษฐานหลวงพ่อโชคดีเป็นองค์พระประธาน พร้อมกับมีการสักการะกราบไหว้ท่านด้วยเรือและดอกบัวสะท้อนให้เห็นถึงวิถีชีวิตของชาวบ้านสมัยก่อนที่ต้องเดินทางมายังวัดแห่งนี้ด้วยเรือ เชื่อว่าหากมากราบไหว้ท่านก็จะพบกับความโชคดี และความเป็นสิริมงคลในชีวิตค่ะ     ส่วนลานด้านนอกเป็นที่ประดิษฐานพระพุทธรูปพระอรหันต์ 80 องค์ซึ่งเป็นพระอสีติมหาสาวกที่ได้รับการยกย่องจากพระพุทธเจ้าในเรื่องของสติปัญญาของแต่ละองค์ พวกเราสามารถเดินชม ศึกษาเรียนรู้เกร็ดประวัติคร่าวๆ ของพระอรหันต์แต่ละองค์ได้จากป้ายด้านหน้า รวมถึงเรียนรู้เกร็ดประวัติพุทธศาสนาไปในตัว    นอกจากนี้ยังมีความเชื่อว่า หากได้ทำพิธีลอดผ่านใต้โบสถ์มหาอุตม์ก็จะเป็นการเสริมสิริมงคลให้แก่ชีวิตด้วย ใครที่มีโอกาสมาเที่ยวปทุมธานีแล้ว ก็อย่าลืมแวะมาทำบุญ ไหว้หลวงพ่อโชคดี และสักการะเสด็จเจ้าปู่ท้าวพญายมราชและท้าวเวสสุวรรณด้วยนะคะ",ตำบลกระแชง อำเภอสามโคก จังหวัดปทุมธานี,https://blogger.googleusercontent.com/img/b/R29vZ2xl/AVvXsEgfdkZP95kAdYWzn4YzGpS672Wm3wpfA9BL8Uq4rcqu8DCU19rsGUjr6-rJEnqVGtUU-Py6YbdH4izvpzkX_HUktf5yo0jFGZ0cVf9mZYyoPYnxmczAaLq-aCR2Ntkyd9RQjwXwg5V7TBQIsumtoGM6nQEMR6ujoJmIzER2aOWF0btldqyeRtXUqM9gOA/s16000/1.png,วัด
วัดชินวรารามวรวิหาร,วัดชินวรารามวรวิหาร เดิมชื่อ วัดมะขามใต้ เป็นวัดเก่าแก่ในพระอุโบสถที่มีจิตรกรรมฝาผนังเรื่องทศชาติชาดกที่งดงาม ประดิษฐาน พระชินวร เป็นพระพุทธรูปปูนปั้นปางมารวิชัย สมัยสุโขทัย ค่ะ ภายในมณฑปยังมีรอยพระพุทธบาทจำลอง เพื่อให้พุทธศาสนิกชนได้กราบไหว้ด้วยค่ะ,1 หมู่ที่ 2 1 ซอย วัดชินวราราม ตำบล บางขะแยง อำเภอเมืองปทุมธานี ปทุมธานี 12000,https://files.thailandtourismdirectory.go.th/assets/upload/2017/12/22/20171222d41d8cd98f00b204e9800998ecf8427e124521.jpg,วัด
วัดมะขาม,วัดมะขาม เป็นวัดเก่าแก่สมัยกรุงศรีอยุธยาที่สร้างโดยชาวมอญ มีอุโบสถที่สวยงาม และเจดีย์แบบรามัญที่หาชมได้ยาก และมีวังมัจฉาที่ให้อาหารปลาได้อีกด้วย,ซอย บ้านกลาง 3/2 ตำบล บ้านกลาง อำเภอเมืองปทุมธานี ปทุมธานี 12000,https://scontent.fbkk12-3.fna.fbcdn.net/v/t39.30808-6/300791428_394687766114131_6437481050321789474_n.jpg?stp=dst-jpg_s960x960&_nc_cat=111&ccb=1-7&_nc_sid=cc71e4&_nc_ohc=7RtpJtQD5BkQ7kNvgFExpHF&_nc_ht=scontent.fbkk12-3.fna&_nc_gid=A0zh-OAUIWiqSVm7-MsxuQS&oh=00_AYA3f4OACco_Ow6HIuwaS2DcJIRcbmwdTofKwk7y35asbg&oe=670811CD,วัด
วัดท้ายเกาะใหญ่,วัดท้ายเกาะใหญ่ วัดสวยอีกแห่งของจังหวัดปทุมธานี เป็นวัดศิลปะแบบมอญผสมไทย มีเจดีย์ทรงรามัญแบบชะเวดากองที่ใหญ่ที่สุดของจังหวัด ภายในวัดยังมีธรรมาสน์บุษบกศิลปะรัตนโกสินทร์ กุฎิทรงไทย ตาลปัตรพัดยศ ปิ่นโต สังเค็ดที่รัชกาลที่ 5 พระราชทานไว้ เพราะเคยเป็นสถานที่เสด็จประพาสของ ร.5 มีพลับพลาที่เคยเสด็จมาประทับหลงเหลืออยู่ภายในพระอุโบสถมีพระประธานปางสมาธิล้อมรอบด้วยภาพเขียนพุทธประวัติ บอกเล่าเรื่องราวสำคัญของพระพุทธศาสนาให้นักท่องเที่ยวได้เข้าชม,"หมู่ 3 สามโคก, ตำบล ท้ายเกาะ อำเภอสามโคก ปทุมธานี 12160",https://files.thailandtourismdirectory.go.th/assets/upload/2017/12/20/201712203a3e1051e3e19ca1897eb8254c1ba037160318.jpg,วัด
วัดเขียนเขต,วัดเขียนเขต เป็นวัดที่มีความสำคัญทางประวัติศาสตร์ของอำเภอธัญบุรี เพราะมีการประกอบพิธีดื่มน้ำพิพัฒน์สัตยา โดยมีเจ้าเมืองธัญญบุรี และข้าราชการของอำเภอรังสิต อำเภอคลอง อำเภอหนองเสือ และอำเภอลำลูกกา มาร่วมพิธีนี้,วัดเขียนเขต ซอย วัดเขียนเขต ตำบล บึงยี่โถ อำเภอธัญบุรี ปทุมธานี 12130,https://katin.dra.go.th/uploads/school/61c964f46a40c.gif,วัด
ฟาร์มเมล่อนลุงแดง,ฟาร์มเมล่อนลุงแดง เป็นที่เที่ยวปทุมธานีอีกแห่งหนึ่งที่น่าสนใจ เป็นแหล่งแฮงค์เอ้าท์สุดชิคใกล้ชิดธรรมชาติ ที่ให้นักท่องเที่ยวได้เข้าไปเก็บลูกเมล่อน และผักสลัดแบบสดๆ ได้ในสวน เพื่อนำออกมารับประทานได้ที่คาเฟ่ให้ชื่นใจ ได้ทานผักสดๆ จากไร่เลยทีเดียว,26 4 ตำบล คลองหก อำเภอคลองหลวง ปทุมธานี 12120,https://scontent.fbkk12-4.fna.fbcdn.net/v/t1.6435-9/136057243_1050181605468188_3208038005416202440_n.jpg?_nc_cat=103&ccb=1-7&_nc_sid=2a1932&_nc_ohc=JnUWlWMpGqgQ7kNvgHmilal&_nc_ht=scontent.fbkk12-4.fna&_nc_gid=AE4l-ihxyh0tJ_0q5rsdvBj&oh=00_AYAyjd1FJzPHb8wKYhDBbtRGFqoGUIkLhtUwQCaH4RGRzw&oe=6729A8B6,สถานที่ท่องเที่ยว
พิพิธภัณฑ์บัว,พิพิธภัณฑ์บัว แหล่งรวบรวมพันธุ์บัวมากกว่า 400 สายพันธุ์ ใครที่รักต้นไม้ใบหญ้า ดอกไม้ ต้องไม่พลาดเลยค่ะ ที่นี่สร้างขึ้นเพื่อปลูกรักษาและศึกษา เปิดให้นักท่องเที่ยวได้สัมผัสถึงความงดงามของดอกไม้เป็นสัญลักษณ์ของจังหวัดปทุมธานีได้อีกด้วย,ตำบล คลองหก อำเภอคลองหลวง ปทุมธานี 12110,https://static.thairath.co.th/media/4DQpjUtzLUwmJZZC0NyTJCSMI8gGHvve6TQxOSWHsQkZ.webp,พิพิธภัณฑ์
พิพิธภัณฑสถานแห่งชาติ และธรณีวิทยาเฉลิมพระเกียรติ,พิพิธภัณฑสถานแห่งชาติและธรณีวิทยาเฉลิมพระเกียรติ เป็นสถานที่อนุรักษ์ รวมถึงยังเป็นแหล่งข้อมูลอ้างอิง และตัวอย่างที่สำคัญทางธรณีวิทยาตั้งแต่กำเนิดโลก ส่วนประกอบของโลก ซากดึกดำบรรพ์ ต่างๆ สายมิวเซียมแวะมาเที่ยวชมได้ค่ะ,"55 หมู่ 5 ถนนเลียบคลองห้า คลองห้า, อำเภอคลองหลวง ปทุมธานี 12120",https://www.dmr.go.th/wp-content/uploads/2022/12/%E0%B8%9E%E0%B8%B4%E0%B8%9E%E0%B8%B4%E0%B8%98%E0%B8%A0%E0%B8%B1%E0%B8%93%E0%B8%91%E0%B9%8C%E0%B8%98%E0%B8%A3%E0%B8%93%E0%B8%B5%E0%B8%A7%E0%B8%B4%E0%B8%97%E0%B8%A2%E0%B8%B2%E0%B9%80%E0%B8%89%E0%B8%A5%E0%B8%B4%E0%B8%A1%E0%B8%9E%E0%B8%A3%E0%B8%B0%E0%B9%80%E0%B8%81%E0%B8%B5%E0%B8%A2%E0%B8%A3%E0%B8%95%E0%B8%B4-%E0%B8%88.%E0%B8%9B%E0%B8%97%E0%B8%B8%E0%B8%A1%E0%B8%98%E0%B8%B2%E0%B8%99%E0%B8%B53.jpg,พิพิธภัณฑ์
Wisdom Farm พิพิธภัณฑ์การเกษตร,พิพิธภัณฑ์การเกษตรเฉลิมพระเกียรติฯ หรือ Wisdom Farm เลยค่ะ ที่นี่เขาจะมีพื้นที่กว่า 300 ไร่ เป็นพิพิธภัณฑ์ทั้งในอาคาร และ พิพิธภัณฑ์การเรียนรู้กลางแจ้ง มีการจัดแสดงเกี่ยวกับ การเกษตร เศรษฐกิจพอเพียง ไร่นาและพืชผักต่างๆ ที่เราจะได้ลองไปสัมผัสและลงมือทำด้วยตนเองเลยค่ะ อีกทั้งยังมีมุมสวยๆ ไว้แชะภาพด้วย คือมุมของสะพานที่ทอดยาวผ่านทุ่งนานั่นเอง บอกเลยว่าถ่ายรูปรัวๆ แน่นอน ,ริมถนนพหลโยธิน (ตรงข้ามโรงพยาบาลการุญเวช) นวนคร จังหวัดปทุมธานี,https://mpics.mgronline.com/pics/Images/562000007917201.JPEG,พิพิธภัณฑ์
พิพิธภัณฑ์หินแปลก,"พิพิธภัณฑ์หินแปลก อีกหนึ่งพิพิธภัณฑ์ที่น่าสนใจ ที่นี่ได้รวบรวมหินรูปร่างแปลกๆ จากทั่วโลก และเปิดให้นักท่องเที่ยวได้รับชมความสวยงามของหินที่เกิดขึ้นเองตามธรรมชาติได้ค่ะ
","29/2 ม.1 ถนน รังสิต-ปทุม, ตำบล บ้านกลาง อำเภอ เมืองปทุมธานี จังหวัดปทุมธานี",https://www.museumthailand.com/upload/slide/1496130077_4193.jpg,พิพิธภัณฑ์
บ้านครูธานีหอมชื่น,บ้านครูธานีหอมชื่น เป็นเหมือนห้องเรียนธรรมชาติ ที่เปิดให้นักท่องเที่ยวได้มาเรียนรู้วิถีชีวิตชาวนาไทย ที่รับรองว่าจะได้สนุกกับการขี่ควาย ดำนา เก็บผักบุ้ง ทำอาหารแบบบ้านๆ และพักผ่อนริมนาตามวิถีชีวิตแบบชาวนาไทย ถ่ายรูปสวยไปอีก!,บ้านหอมชื่น ต.บ่อเงิน อ.ลาดหลุมแก้ว จ.ปทุมธานี 12140 บ่อเงิน ลาดหลุมแก้ว ปทุมธานี 12140,https://s3.ap-southeast-1.amazonaws.com/media.motherhood.co.uk/wp-content/uploads/2019/10/22110654/thani1.jpg,สถานที่ท่องเที่ยวเชิงการเรียนรู้
หออัครศิลปิน,หออัครศิลปิน เป็นศูนย์กลางจัดแสดงผลงานพระอัจฉริยภาพด้านศิลปวัฒนธรรมของในหลวงรัชกาลที่ 9 และผลงานของศิลปินแห่งชาติทุกแขนง โดยใช้สื่อในการนำเสนอที่หลากหลายทั้ง วิดิทัศน์ มัลติมีเดีย วีดิโอ ฯลฯ และเปิดให้ผู้ที่สนใจเข้าชมได้,ถนนเลียบคลองห้า ตำบล คลองห้า อำเภอคลองหลวง ปทุมธานี 12120,https://www.lib.ru.ac.th/journal2/wp-content/uploads/2014/11/Supreme-artist-hall.jpg,พิพิธภัณฑ์
วัดทวีการะอนันต์,วัดทวีการะอนันต์ หรือที่รู้จักกันในชื่อ วัดสีชมพู เนื่องจากสิ่งก่อสร้างต่างๆ ไม่ว่าจะเป็น พระอุโบสถ พระธาตุเจดีย์ ต่างก็ตกแต่งด้วยสีชมพูเป็นหลักค่ะ ภายในพระอุโบสถเป็นที่ประดิษฐาน พระพุทธรูปหลวงพ่อโสธร ส่วนใต้ถุนพระอุโบสถมี รูปพระราหู ให้ผู้คนนำสิ่งของมาถวายกราบไหว้ ก่อนเดินรอดใต้ถุนพระอุโบสถเพื่อความเป็นสิริมงคลค่ะ,ตำบลคลองหนึ่ง อำเภอคลองหลวง จังหวัดปทุมธานี,https://thakhlong.go.th/public/list_upload/backend/list_114/pics_topic_114.jpg?796,วัด
เจ๊นกกระท้อนซิ่ง,"ร้านเด็ดประจำเมืองปทุมธานี ผลไม้ตามฤดูการ กับ น้ำปลาหวานต้องมาที่นี่ ร้านนี้ได้รับการันตีโดยหอการค้าเมืองปทุมธานี เข้าสู่ฤดูผลไม้ยอดฮิตของประเทศไทย คงเป็นไม่ได้ที่จะไม่พูดถึงทุเรียน เจ๊นกกระท้อนซิ่ง เค้าจัดให้ ทุเรียนพูใหญ่ๆ เนื้อเน้นๆ หลากหลายขนาด ลืมวิธีกินแบบเดิมๆไปได้เลย เพราะที่นี่เค้ามีแบบพิเศษ ทุเรียนไส้ขาวเหนียวมูล วางด้วยไอศกรีม โป๊ะด้วยถั่วเหลืองกันไปเลย เลือกไซส์ทุเรียนที่ต้องการ แล้วบอกเจ๊นกเค้าเลยว่า อยากได้ไอศกรีม หรือข้าวเหนียวแล้วเดี๋ยวเจ๊เค้าจัดให้ ราดน้ำกระทิฉ่ำๆ แล้วตักอ้ำเข้าปาก เนื้อทุเรียนฟูๆ แน่นๆ กรอบนอกนุ่มใน เลือกได้ตามแบบที่ชอบ
กินกับข้าวเหนียวมูลรสเด็ด ไอศกรีมดับร้อนกันไปเลย มะม่วงน้ำปลาหวานของเด็ดร้านเจ๊นกกระท้อนซิ่ง หอมหวานเข้มข้น คั่วสไตล์ Homemade ได้รสชาติดีไม่เหมือนใครออกตามหาที่ไหนก็ไม่ได้
",ตำบลบางปรอก อำเภอเมืองปทุมธานี ปทุมธานี,https://img.wongnai.com/p/1920x0/2020/02/11/bc23adb0e20849289522a637408693db.jpg,ร้านอาหาร
ตลาดน้ำนครรังสิต,พูดถึงปทุมธานีทีไร ก็ต้องนึกถึง ก๋วยเตี๋ยวเรือรังสิต และแน่นอนว่าต้องไปที่นี่ค่ะ ตลาดน้ำรังสิต แหล่งท่องเที่ยวอีกแห่งของชาวรังสิต ที่อยู่ริมคลองรังสิต คลอง 1 ซึ่งจะเป็นแพมาเรียงต่อกันยาวไปในคลองรังสิต ภายในตลาดน้ำก็จะมีทั้ง ร้านก๋วยเตี๋ยวเรือรังสิต ชื่อดัง รวมไปถึงสินค้าโอทอป จากชุมชน และนิทรรศการการ ประวัติความเป็นมา วิถีชีวิตของชุมชนริมฝั่งคลองรังสิตประยูรศักดิ์อีกด้วยค่ะ,117/2 12 ถนนรังสิต-นครนายก อำเภอธัญบุรี จังหวัดปทุมธานี,https://inwfile.com/s-gb/dq2hee.jpg,ตลาด
วัดพืชอุดม,วัดพืชอุดม เป็นวัดราษฎร์มหานิกาย เป็นวัดที่มีอายุมากถึง 147 ปี สร้างขึ้นเมื่อราวๆ ปี พ.ศ. 2417 เมื่อก่อนนั้นมีชื่อว่า วัดราษฎร์ศรัทธาราม ซึ่งไฮไลท์ของวัดแห่งนี้จะอยู่ที่ด้านล่างของอาคารใต้ดินที่มี การจัดแสดง สวรรค์นรก 31 ภูมิ จำลองแห่งแรกของประเทศไทยนั่นเองค่ะ อีกทั้งด้านบนก็มีการจัดแสดงป่าหิมพานต์ ประติมากรรมสัตว์มงคลต่างๆ ที่เกี่ยวข้องกับสวรรค์ เป็นอีกวัดที่สร้างสรรค์ออกมาได้อย่างสวยงาม พร้อมบอกเล่าเรื่องราวของสวรรค์นรกได้ดีอย่างมากค่ะ,หมู่ที่ 9 บ้านสมบูรณ์พัฒนา(พืชอุดม) ตำบลพืชอุดม อำเภอลำลูกกา จังหวัดปทุมธานี,https://phetchannews.com/wp-content/uploads/2021/01/13-e0b89be0b881e0b980e0b8a7e0b987e0b89a.jpg?w=1477&h=1108&crop=1,วัด
วัดกร่าง,วัดกร่าง เป็นวัดเก่าตที่มีมาตั้งแต่ในสมัยอยุธยาแล้ว เมื่อก่อนจะใช้ชื่อว่า “ดงดารา” ภายในจะมีพระพุทธรูปศักดิ์สิทธิ์นามว่า “หลวงพ่อนรสิงห์” โดยเป็นพระพุทธรูปที่มีศิลปะแบบอยุธยา อีกทั้งวัดนี้ยังมีรูปหล่อของพระเกจิอาจารย์ชื่อดังในอดีต อย่าง หลวงปู่หล่ำ ด้วย เราสามารถแวะมากราบไหว้กันได้เลยค่ะ,ตำบลบางกระบือ อำเภอสามโคก จังหวัดปทุมธานี,https://upload.wikimedia.org/wikipedia/commons/thumb/c/c0/%E0%B8%A7%E0%B8%B1%E0%B8%94%E0%B8%81%E0%B8%A3%E0%B9%88%E0%B8%B2%E0%B8%87_%E0%B8%AD.%E0%B8%AA%E0%B8%B2%E0%B8%A1%E0%B9%82%E0%B8%84%E0%B8%81_%E0%B8%88.%E0%B8%9B%E0%B8%97%E0%B8%B8%E0%B8%A1%E0%B8%98%E0%B8%B2%E0%B8%99%E0%B8%B5_%2811%29.jpg/375px-%E0%B8%A7%E0%B8%B1%E0%B8%94%E0%B8%81%E0%B8%A3%E0%B9%88%E0%B8%B2%E0%B8%87_%E0%B8%AD.%E0%B8%AA%E0%B8%B2%E0%B8%A1%E0%B9%82%E0%B8%84%E0%B8%81_%E0%B8%88.%E0%B8%9B%E0%B8%97%E0%B8%B8%E0%B8%A1%E0%B8%98%E0%B8%B2%E0%B8%99%E0%B8%B5_%2811%29.jpg,วัด
ทุ่งนามอญ,ทุ่งนามอญ ที่เที่ยวแนวธรรมชาติ เรียนรู้วิถีชีวิต แห่งนี้ เกิดขึ้นมาจากความตั้งใจของ ป้าต้อย (ธัณย์จิรา อาจอุดมรัตน์) ที่อยากจะให้นักท่องเที่ยวมาเรียนรู้วิถีชีวิตแบบเรียบง่าย และมาสัมผัสความน่ารักเป็นกันเองของคนมอญค่ะ โดยไฮไลท์จะอยู่ที่นาข้าวสีเขียวขจี ที่มีสะพานไม้ทอดยาวไปในกลางทุ่ง เราสามารถมาเดินถ่ายรูปกันแบบชิลๆ ได้เลยค่ะ รวมถึงมีกิจกรรมต่างๆ ให้ได้เรียนรู้ และมีร้านอาหารไว้ให้ได้ทานของอร่อยกันด้วย,บ้านบ่อทอง ตำบลคูขวาง อำเภอลาดหลุมแก้ว จังหวัดปทุมธานี,https://travel.mthai.com/app/uploads/2019/06/60934519_426293847953237_1106543017520529408_n.jpg,สถานที่ท่องเที่ยวเชิงการเรียนรู้
กระติ๊บ เป็ดย่าง-ส้มตำ,ร้านอาหารไทย-อีสาน รสชาติดี จัดจ้านเข้มข้นตามแบบฉบับคนอีสานแท้ๆ ที่ร้านมีเมนูโดดเด่นน่าสั่งมากมาย ไม่ว่าจะเป็น ไก่ย่าง เป็ดย่าง ส้มตำปูปลาร้า ปีกไก่ทอดเกลือ คอหมูย่าง โดยมีซิกเนเจอร์สุดน่ารักอย่างกระติ๊บ เป็นสัญลักษณ์ประจำร้าน ทำให้ลูกค้าที่เข้ามา ได้สัมผัสความเป็นอีสานแบบเต็มๆ บอกเลยคนรักอาหารรสจัดจ้าน ห้ามพลาด!,"72, 20 ถนนรังสิต-ปทุมธานี ตำบลบางพูน อำเภอเมือง ปทุมธานี",https://f.ptcdn.info/651/068/000/q7mzuan9dSLH0O5Rmvy-o.jpg,ร้านอาหาร
ขมิ้นกับปู,ร้านขมิ้นกับปู เป็นร้านอาหารไทย-ฟิวชั่น รสชาติจัดจ้าน ที่นำเอาเมนูต่างๆ มารังสรรค์ให้เป็นเมนูแบบไทยๆ เน้นเครื่องสมุนไพรรสชาติเข้มข้น รวมถึงผักหากินยากต่างๆ โดยเมนูที่มาแล้วพลาดไม่ได้ของร้านนี้คือ ราดหน้าผีเสื้อสมุทร และยำกุ้งสด ที่อร่อยจัดจ้าน แถมหน้าตาดี ส่วนบรรยากาศของร้านก็เป็นกันเอง ตกแต่งด้วยไม้เรียบง่าย นั่งชิลได้ทั้งวัน, 52/021 ถนนเอกทักษิณ ตำบลหลักหก อำเภอเมืองปทุมธานี,https://img.wongnai.com/p/1920x0/2018/06/18/9c2b7a4cfe72480197cfc5c25558d281.jpg,ร้านอาหาร
Better Cup Canteen & Cafe,เป็นทั้งร้านอาหารสไตล์ฝรั่ง เครื่องดื่ม และของหวาน ที่จัดเต็มมากมายหลากหลายเมนู ถือเป็นร้านที่มีทั้งอาหารฟิวชั่นรสชาติดี เครื่องดื่ม กาแฟ ขนม ที่สำคัญสามารถนั่งทำงานโดยใช้ wifi อีกด้วย สามารถนั่งชิล นั่งแฮงค์เอาท์ได้ยาวๆ จนถึง 4 ทุ่มเลยทีเดียว เป็นอีกร้านที่มาได้ทั้งครอบครัว และแก๊วเพื่อนเลยทีเดียว,ถนนรังสิต-นครนายก 46 - ซอยรังสิต-นครนายก 48 ตำบลประชาธิปัตย์ อำเภอธัญบุรี ปทุมธานี,https://k7w3n7p2.rocketcdn.me/wp-content/uploads/2022/09/Better-Cup-Canteen-and-Cafe-3.jpg,คาเฟ่
The local Restaurant,เรียกได้ว่าเป็นห้องอาหารบรรยากาศดี ขวัญใจคนเมืองปทุมเลยก็ว่าได้ เพราะที่นี่ นอกจากจะมีอาหารรสชาติดีให้เลือกมากมายแล้ว ยังเป็นสถานที่รับจัดงานแต่งงานสุดเก๋อีกด้วย ในช่วงหัวค่ำ ที่ร้านยังมีดนตรีสดเคล้าบรรยากาศไปอีกต่างหาก เรียกว่าเป็นร้านอาหารที่ครบทุกอย่าง เหมาะกับการพาครอบครัวมาจริงๆ,163/15 หมู่ 3 ถนนกำแพงเพชร 6 ตำบลหลักหก อำเภอเมืองปทุมธานี ปทุมธานี,https://www.chillpainai.com/src/wewakeup/scoop/img_scoop/scoop/TheLocal/DSC_0196.jpg,ร้านอาหาร
ร้านละมุน,ถือเป็นร้านอาหารสไตล์มุสลิม รสชาติเข้มข้น ที่คนรักอาหารสไตล์นี้จะต้องชอบ เพราะเจ้าของเป็นชาวมุสลิมแท้ๆ ทำให้รสชาติที่ได้ ถึงพริก ถึงเครื่อง อร่อยเข้มข้นสุดๆ โดยเมนูของร้านที่มาแล้วพลาดไม่ได้เลยคือ มัสหมั่นแกงแก้วตา และซุปหางวัวหม้อไฟ ที่อร่อยเข้มข้นจนเป็นที่ถูกใจคนเมืองปทุมมาแล้วนักต่อนัก!,28/9 หมู่ที่ 2 รังสิต-นครนายก-คลอง11 ตำบลบึงน้ำรักษ์ อำเภอธัญบุรี ปทุมธานี,https://scontent.fbkk12-1.fna.fbcdn.net/v/t39.30808-6/440861465_122158604870074579_4876046833458827189_n.jpg?_nc_cat=101&ccb=1-7&_nc_sid=833d8c&_nc_ohc=PjEDp_Y3xAQQ7kNvgHfSdxE&_nc_ht=scontent.fbkk12-1.fna&_nc_gid=A7iT2R5nOSucZtFjeiCiGXB&oh=00_AYADgWkNXl2DvyIX1RIoqUL5tN56xHtWe8GENak0rh2TcA&oe=67083B6E,ร้านอาหาร
ร้านอาหารครูจุก ริมเจ้าพระยา,"ร้านอาหารครูจุก ริมแม่น้ำเจ้าพระยา หรือที่เราเรียกติดปากว่า ครัวครูจุก ร้านอาหารริมแม่น้ำเจ้าพระยา ถ้านึกถึงร้านอาหารที่ไปกินทีไรทำให้รู้สึกเหมือน เราได้ไปทานข้าวที่บ้านญาติผู้ใหญ่ เหมือนการรวมตัวกันแบบเทศกาลต่าง ๆ ของต่างจังหวัด  ปีใหม่ สงกรานต์ เพราะว่าพ่อครัว แม่ครัว พูดคุยกัน เสียงโขลกเครื่องแกง เสียงทอด เวลาที่เรานั่งรอ ทำให้รู้สึกอบอุ่นแบบบอกไม่ถูก ประทับใจตั้งแต่ครั้งแรก และก็เป็นที่นี่บ่อยครั้งที่เลือกไปนั่ง กินลม ชมวิว ชมพระอาทิต์ตก มีอาหารจานโปลด หอบความรู้สึก ยินดี เสียใจ เครียด เอาเป็นว่าเหมือนไปนั่งกินข้าวที่มียาย มีแม่ ทำให้กิน  คนไกลบ้านอย่างเราก็ Spark Joy กับร้านนี้เข้าแล้ว เมนูอาหานจานโปลด ทุกคร้งที่ไปต้องสั่ง คือ ทอดมันกุ้ง , หมึกไข่สีทอง , แกงไก่บ้าน ,แกงส้มชะอมไข่ คือๆๆๆ อร่อยมากกก อร่อยจนถ่ายรุปไม่ทัน 555 ทอดมันกุ้ง จุดเด่น คือ รสชาติกุ้งเน้นๆ เนื้อเด้งๆ รสชาติพริกแกงที่โขลกเอง จานเดียวไม่เคยพอ แต่ต้องพอเพราะมีอย่างอื่นอีก แฮ่ๆหมึกไข่สีทอง จุดเด่น คือ หอมกลิ่นหมึกย่างใหม้ๆ แบบงานวัด กรอบนอก หนึบๆข้างใน ขนาดกำลังพอดี เมนูนี้บอกเลยว่าห้ามพลาดเด็ดขาด ไม่ได้มีทุกครั้ง เพราะหมดก่อนนั่นเอง ทางที่ดีต้องโทรจองไว้เลยต้มไก่บ้าน จุดเด่น คือ ไก่บ้านจริงๆ ไม่ใช่ไก่แก่ หรือไก่โละสังเวียนใดๆ เรารู้ ทุกคนอาจจะไม่รู้ เพราะเราคุ้นเคยกับไก่บ้านตั้งแต่เด็ก อร่อยถึงขั้นไปถามแม่ครัวว่าเขาซื้อไก่บ้านที่ไหนเพราะถ้าไม่ใช่ต่างจังหวัดจริงๆ หายากมาก และแม่ครัวก็ตะโกนเรียกลุงที่กำลังยืนคุยกับลูกค้าอยู่ และลุงก็เดินมาหาเราทันที ในใจคิดว่าเอาแล้ว ๆ คนมองใหญ่แล้วลุง( เสียงสูง ) มองแบบอยากรู้เหมือนกันว่าซื้อที่ไหน ลุงอธิบายละเอียดมาก ละเอียดจนถึงขั้นตอนการต้ม แต่ก็ไม่มีเล็ดลอดเคล็ดลับเลยจ้า ในใจคือลุงมีเวลามั้ย สั่งกับข้าวมากินต่อ จะคุยกับลุง 55 แกงส้มชะอมไข่ จุดเด่น คือ พริกแกงที่หอมเครื่องแกงมาก หอมสมุนไพร ปกติเป็นคนไม่ค่อยชอบซดน้ำแกงที่มีพริกแกง ถ้าไม่ได้ทำเอง แต่นี่คือ เกลี้ยงหม้อจ้า กินอิ่มแล้วก็นั่งชมวิวริมน้ำ  พระอาทิตย์กำลังจะตกแล้ว พาร่างกายมาปะทะกับลมพัดโชยเย็นๆ มีเครื่องดื่นเย็นๆ นั่งคุย นั่งฟัง ในวันสุดสัปดาห์ มันดีย์แบบง่ายๆ ความสุขอย่าทำให้มันยาก ถ้ายากแปลว่าไม่ใช่ความสุข อย่ามัวมองหากล่องความสุขที่ไกลเกินเอื้อม มีความสุขในแบบที่เราเป็นดีที่สุดเลยเว้ยแก ขอให้ทุกคนใช้ชีวิตอย่างมีความสุขในแบบที่เป็นเรา",46 หมู่ 3 บ้านปทุม อำเภอสามโคก ปทุมธานี,https://img.wongnai.com/p/1920x0/2023/10/16/992eb73058c5457ebd6050dc72ce1b1f.jpg,ร้านอาหาร
จัดจ้านสะท้านทุ่ง,"แค่ชื่อร้านก็รับรู้ได้ถึงความแซ่บแล้ว เพราะร้านนี้เน้นเสิร์ฟอาหารสไตล์อีสาน รสชาติจัดจ้าน มีเมนูส้มตำมากกว่า 30 เมนูเลยทีเดียว เรียกว่าสายส้มตำน่าจะต้องชอบ นอกจากนี้บรรยากาศร้านยังบ้านๆ วิวริมทุ่งนา ได้ฟีลสุดๆ ใครกำลังมองหาร้านอาหารอีสานจัดจ้านในเมืองปทุม ร้านนี้เป็นอีกร้านที่ไม่ควรมองข้าม

 ",ตำบลท้ายเกาะ อำเภอสามโคก ปทุมธานี,https://scontent.fbkk12-2.fna.fbcdn.net/v/t39.30808-6/461924163_553446277254932_5860893141498320147_n.jpg?_nc_cat=104&ccb=1-7&_nc_sid=833d8c&_nc_ohc=z7jbGU4On9IQ7kNvgGvFHtA&_nc_ht=scontent.fbkk12-2.fna&_nc_gid=AhlrO8I7onzuoMJy1SbI-J-&oh=00_AYDOFa2iC4gUrHtTXge8Ymy7_C1Xf_XosnMZXlwfhlriHw&oe=670840AF,ร้านอาหาร
เรือนบัวแซ่บนัว,เรือนบัวแซ่บนัวอาหารรสจัดจ้านย่านเมืองปทุมธานี ที่มีทั้งอาหารไทย และอีสานรสชาติอร่อย จัดจ้านถูกปากคนไทย พร้อมกับบรรยากาศร้านเป็นกัน ตกแต่งด้วยไม้ง่ายๆ อบอุ่น นอกจากนี้ที่ร้านยังรับจัดเลี้ยงทั้งงานเลี้ยงบริษัท งานเลี้ยงรับปริญญา งานเลี้ยงรุ่น งานรวมญาติ หรือคิดจะจัดงานแต่งงานเล็กๆ น่ารักอบอุ่นก็มีเช่นกัน ,ซอยบ้านกลาง 1/4 ตำบลบ้านกลาง อำเภอเมืองปทุมธานี ปทุมธานี,https://scontent.fbkk12-4.fna.fbcdn.net/v/t39.30808-6/306077006_506330044831460_7610075870889541845_n.jpg?_nc_cat=109&ccb=1-7&_nc_sid=cc71e4&_nc_ohc=j_V_EEsGxBYQ7kNvgFMk3zq&_nc_ht=scontent.fbkk12-4.fna&_nc_gid=ATxyGxPSep4qvylwk39dFpf&oh=00_AYDv3Uu1iF_nk2DmnwNjpgBbNibyq_d7BXwe7GmfmZdOjQ&oe=6708198D,ร้านอาหาร
กันเอง เมืองเอก,กันเอง เมืองเอก ร้านหมูกระทะ - จิ้มจุ่ม ที่บอกเลยว่าเด็ด ! ไม่มีเด็กรังสิตคนไหนไม่รู้จัก เพราะเป็นร้านหมูกระทะที่คงความอร่อยมาอย่างยาวนานมากจริงๆ ค่ะ บอกเลยว่าทีเด็ดอยู่ที่น้ำจิ้มรสเลิศ หมูก็นุ๊มนุ่ม ไหนจะมีปลาเผา ส้มตำ ใครได้ลองก็ต้องติดใจกันเป็นแถบ แถมราคาก็น่ารักเป็นมิตรสุดๆ หลังเลิกงานเลิกเรียนมาเหนื่อยๆ ไปนั่งปิ้งหมู ให้ได้ยินเสียงซู่ๆ ของเนื้อหมูบนกระทะ โอ้ยยย คือดี !,51/046 ถ.เอกทักษิณ หมู่ 7  ต.หลักหก อ.เมือง จ.ปทุมธานี,https://scontent.fbkk12-5.fna.fbcdn.net/v/t39.30808-6/461565265_1071581208086484_6409210573718564552_n.jpg?_nc_cat=107&ccb=1-7&_nc_sid=833d8c&_nc_ohc=cao5gHdMmPMQ7kNvgE7zkGx&_nc_ht=scontent.fbkk12-5.fna&_nc_gid=Ab50_4k2kqhTeSid9klmXYy&oh=00_AYB3l6u2qMj9Nn88bXsNsJ7ukCxileBCL4IKPPks05_9MA&oe=670812A6,ร้านอาหาร
สหชัย บะหมี่เกี๊ยวปู,สหชัย บะหมี่เกี๊ยวปู บอกเลยว่าเป็นบะหมี่เกี๊ยวในอุดมคติของใครหลายๆ คนมาก ! เนื้อปูหวานๆ ใส่ลงไปแบบไม่หวง น้ำซุปสุดกลมกล่อมจนแทบจะไม่ต้องปรุง ไหนจะมีเกี๊ยวสูตรเด็ดของทางร้านอีก ต้องลองไปโดนเองจริงๆ ค่ะ อร่อยติดใจจนต้องกลับมากินซ้ำแน่นอน ถ้าแวะไปย่านนี้ต้องไปชิมสักครั้งให้ได้เลยน้า,300/141-142 พหลโยธิน87 ต.คูคต อ.ลำลูกกา จ.ปทุมธานี,https://img.wongnai.com/p/1920x0/2019/07/10/1265bd81afa6431cb4e6036f681293e3.jpg,ร้านอาหาร
โหงวโภชนา,โหงวโภชนาการ อยู่คู่ตลาดรังสิตมาอย่างยาวนานหลายสิบปี การันตีความอร่อยระดับตำนาน ที่ชาวรังสิตติดกันงอมแงมเลยทีเดียว เป็นร้านอาหารที่มีหลากหลายเมนูให้เลือกสรร และมีทั้งข้าวต้ม ข้าวสวย เมนูแนะนำเด็ดๆ ที่ห้ามพลาดเลยก็คือ ไก่ผัดเม็ดมะม่วง กุ้ยช่ายหมูกรอบ ผัดผักบุ้งไฟแดง และอีกหลายจานเด็ดรอให้ไปชิมกัน ถ้าอยากรู้ว่าจะเด็ดแค่ไหน ต้องตามไปเช็คอินกันเลยค่า,67 ซ.พหลโยธิน 135 ต.ประชาธิปัตย์ อ.ธัญบุรี จ.ปทุมธานี,https://storage.googleapis.com/atime-media-prod/content/f1a83649-b901-47f0-b5ff-0fb26874b387.png,ร้านอาหาร
ร้านสมยงตำซั่ว,มาต่อกันที่ ร้านสมยงตำซั่ว ต้องซู้ดดดปากกันแถบ เพราะเป็นร้านอาหารอีสานแท้ๆ ในซอยรังสิตภิรมย์ ครองใจเด็กม.กรุงเทพจนแน่นร้านทุกวัน บอกเลยว่าไปแล้วต้องไม่ผิดหวังแน่นอน แต่ละเมนูน่าน้ำลายไหลสุดๆ ทั้งไก่ย่าง ส้มตำ ปลาเผาตัวเบ้อเริ่ม แถมด้วยน้ำจิ้มรสเด็ดที่รับรองว่าต้องถูกปากใครหลายๆ คนอย่างแน่นอน ,9/180 หมู่ 5 ซ.รังสิตภิรมย์ อ.คลองหลวง จ.ปทุมธานี,https://mpics.mgronline.com/pics/Images/560000002885001.JPEG,ร้านอาหาร
บ้านเคียงน้ำ,"ร้านบ้านเคียงน้ำ คือ จุดนัดกินข้าวยามเย็นมื้อพิเศษกับครอบครัวใหญ่ของเราในครั้งนี้  ด้วยจองล่วงหน้าทำให้ได้โต๊ะริมน้ำมุมดี กลางลานกว้าง ใต้ร่มเงาต้นหูกวางและมะขามที่แผ่กิ่งก้านสวยงาม นั่งรับลมเย็นๆ ที่โชยมาเป็นระยะ  ดื่มด่ำกับพระอาทิตย์ที่ค่อยๆ เคลื่อนตกแม่น้ำและท้องฟ้าที่เปลี่ยนสีจากทองระเรื่อเป็นสีส้ม หิวแล้วใช่ไหม? อันดับแรกๆ ที่ต้องสั่ง เพราะหมดไว ก็คือ ""กุ้งเผาเล็ก"" ที่ตัวไม่เล็กนะจ้ะ! กิโลละ 900 บาท ได้กุ้งเนื้อแน่นประมาณ 11-12 ตัว ยังมี ""ขาหมู(เยอรมัน)ทอด"" เมนูแนะนำของร้านที่เราก็ขอแนะนำ ซึ่งขาหมูนั้นทอดได้กรอบนอกนุ่มใน และ ""ตำเคียงน้ำ"" เหมือนตำถาดทะเลใส่กุ้ง หมึก หอยแครง แซลมอน และอื่นๆ ยำกับข้าวโพดสีเหลืองสด จานนี้รสแซ่บแต่ไม่เผ็ดมาก อาหารกินเล่นก็ดีงาม อาทิ แหนมซี่โครงทอด กุ้งแช่น้ำปลา ยำหอยนางรมตัวใหญ่ๆ ปีกไก่ทอดเกลือที่เค็มแต่ดี! อาหารจานหลักก็อร่อยทุกจาน เช่น ปลากระพงทอดน้ำปลา ต้มยำโป๊ะแตก ส่วนของหวานล้างปากมีแค่ไอติมถ้วยเอเต้และไอศกรีมแท่งรสไทยๆ เช่น ถั่วดำ ข้าวโพด อาหารราคาไม่แพง รูดเครดิตการ์ดได้ พนักงานบริการดี ถ้าอาหารมาช้าก็ขอโทษขอโพยลูกค้าตลอดธรรมเนียมสำคัญในวันรวมญาติ คือ การถ่ายภาพหมู่ จุดถ่ายรูปสุดปังของร้านอยู่ตรงสะพานไม้ที่ยื่นไปในน้ำ ที่มีการขึงเชือกและประดับไฟสายส่องแสงวิบวับ ตัดกับน้ำและฟ้าที่มืดสนิทในคืนเดือนแรม ขอเบลอภาพเพื่อรักษาความเป็นส่วนตัวของคนในภาพ แต่ก็อยากให้ทุกคนได้ชมบรรยากาศ ขากลับ เมาไม่ขับนะคะ และโปรดขับรถด้วยความระมัดระวัง เพราะถนนในซอยนั้นค่อนข้างมืด เนื่องจากไม่มีไฟทาง แต่พอขับออกจากซอยเข้าถนนใหญ่ก็โอเค ท้ายนี้  ขอสรุปความพึงพอใจโดยรวมต่อร้านบ้านเคียงน้ำว่าพวกเราทุกคนประทับใจสถานที่ อาหาร และการบริการมากๆ แถมร้านอนุญาตให้พาสัตว์เลี้ยงมาได้ แค่ฝากดูแลไม่ให้น้องเดินเพ่นพ่านเท่านั้น เรียกว่าถูกใจทั้งครอบครัวและมะหมา 4 ขา ไว้โอกาสหน้าพวกเราจะกลับมาใหม่พร้อมไวน์สักขวด",14/1 ม.3 ต.บ้านปทุม อ.สามโคก จ.ปทุมธานี,https://www.veniceresorthotel.com/wp-content/uploads/2022/10/ef22bf4866e4bbac1a76945bbef3fcc44606b0eb-1024x683.jpg,ร้านอาหาร
บ้านตานิด,บ้านตานิด ร้านอาหารไทยชื่อดังริมแม่น้ำเจ้าพระยา บรรยากาศดีมาก ร้านตกแต่งแบบบ้านไทยประยุกต์ สไตล์วินเทจ ตกแต่งด้วยไม้ประดับต่างๆ ทำให้มีมุมน่ารักๆ ให้ถ่ายรูปหลายจุดเลยทีเดียว นอกจากจะเป็นร้านอาหารแล้ว ยังมีส่วนของที่พัก และร้านขายของที่ระลึก มีทั้งเสื้อผ้า ผ้าเขาม้า และซอสปรุงรสต่างๆ ให้ซื้อติดไม้ติดมือกลับไปด้วย สำหรับเมนูอาหารในวันนี้ บอกเลยว่าอลังมากถึงมากที่สุด! เราได้สั่งเมนูขึ้นชื่อของทางร้านมาหลายอย่าง ไม่ว่าจะเป็น หมูกรอบคั่วพริกเกลือ ผัดสามเหม็น ปลาเนื้ออ่อนทอดกระเทียม แกงส้มปลาช้อน ส้มน้ำกุ้งสด ยำวุ้นเส้น และอื่นๆ อีกมากมาย ทุกเมนูอร่อยเลิศ รสชาติจัดจ้านถูกใจคนชอบกินเผ็ดมากกก ถ้าอยากทานอาหารไทยรสมือจัดๆ แบบไทยแท้ แถมยังได้ดื่มด่ำกับบรรยากาศชิลๆ ของแม่น้ำเจ้าพระยา ขอแนะนำบ้านตานิดเลยค่ะ,40 ตำบลกระแชง อำเภอสามโคก จังหวัดปทุมธานี,https://www.prachachat.net/wp-content/uploads/2024/01/%E0%B8%9A%E0%B9%89%E0%B8%B2%E0%B8%99%E0%B8%95%E0%B8%B2%E0%B8%99%E0%B8%B4%E0%B8%94.jpg,ร้านอาหาร
วิสาหกิจชุมชนกลุ่มแม่บ้านแสงตะวัน,อิ่มหนำสำราญกันเต็มที่แล้ว เราก็มาเยี่ยมเยียน วิสาหกิจชุมชนกลุ่มแม่บ้านแสงตะวัน กันต่อค่ะ ที่นี่จัดแสดงสิ่งทอ เสื้อผ้า และกระเป๋าที่ผลิตจาก ผ้าใยกล้วยบัวหลวง ซึ่งเป็นผลิตภัณฑ์ OTOP ของจังหวัดปทุมธานี โดยการนำต้นกล้วยที่ต้องถูกตัดทิ้งหลังจากออกลูกแล้วมาคัดแยก และพัฒนาเส้นใยกล้วยด้วยกระบวนการพิเศษ ทำให้มีเส้นในที่นุ่มราวกับผ้าฝ้าย น้ำหนักเบาสบาย และด้วยประสิทธิภาพของใยกล้วยเอง จึงทำให้มีเส้นใยที่ค่อนข้างเหนียวและแข็งแรง เราได้มีโอกาสได้ไปชมส่วนของโรงงานที่จัดแสดงทั้งเครื่องจักร กี่ทอผ้า และเส้นใยกล้วยบัวหลวงสีสันต่างๆ ไม่ว่าจะย้อมด้วยสีธรรมชาติหรือสีเคมี สีสันสวยงาม เมื่อนำมาทอเป็นเสื้อผ้าแฟชั่น กระเป๋า หรือเครื่องใช้ต่างๆ ก็ช่างมีลวดลายที่เป็นเอกลักษณ์ และเก๋ไก๋พร้อมเดินบนรันเวย์สุดๆ เป็นอะไรที่น่าทึ่งมากๆ,10/1 หมู่ 1 ตำบลกระแชง อำเภอสามโคก จังหวัดปทุมธานี,https://www.khaosod.co.th/wpapp/uploads/2020/12/lad03p1-4.jpg,สถานที่ท่องเที่ยวเชิงการเรียนรู้
เจ๊ต้อยซีฟู้ด,เจ๊ต้อยซีฟู้ด เค้ามีอาหารซีฟู้ดหลากหลายรอให้บริการ ในบรรยากาศริมแม่น้ำ บอกเลยวินฟินสุดๆ หรือใครชอบบรรยากาศห้องแอร์ฉ่ำๆ เค้าก็มีให้บริการค่า พาครอบครัวไปเปลี่ยนบรรยากาศดีๆ แถมได้ลิ้มรสอาหารทะเลสดๆ ไม่ว่าจะเป็นกุ้ง ปู ปลา หรือแม้แต่แมงดาทะเลเค้าก็มีนะ ราดน้ำจิ้มซีฟู้ดไปหน่อย อื้อหืออ โดน!,19/4 หมู่ 3 ถ.ปทุมธานี-สามโคก-เสนา ต.บางเตย อ.สามโคก จ.ปทุมธานี,https://scontent.fbkk12-5.fna.fbcdn.net/v/t1.6435-9/38692660_603296943405867_8633778026179461120_n.jpg?_nc_cat=107&ccb=1-7&_nc_sid=127cfc&_nc_ohc=k6z-_QI-YSoQ7kNvgGwEh8N&_nc_ht=scontent.fbkk12-5.fna&_nc_gid=AR9RBYgTUxAYCE2a3cu5UHo&oh=00_AYAgPc0LwFvRioJC_pWeo-6_fuibRLkYSaoy0srGR-QJRA&oe=6729BE88,ร้านอาหาร
ทะเลทิพ คลอง 4,ทะเลทิพ คลอง 4 ในย่านธัญบุรี รังสิต บอกเลยว่าอาหารทะเลที่นี่สดมากกกก ! เหมือนมีทะเลอยู่หลังร้านเลยทีเดียว หอยนางรมตัวเท่ามือ ปลาคุณภาพ กุ้งไซส์ใหญ่ ไหนจะปูหวานๆ อีก ไม่ว่าจะเอามาทำเมนูไหนก็อร่อยทุกเมนูจริงๆ รับรองว่าต้องติดใจค่า,130/13 คลอง 4 ตำบลบึงยี่โถ อำเภอธัญบุรี จังหวัดปทุมธานี,https://thebest.in.th/wp-content/uploads/2023/06/%E0%B8%97%E0%B8%B0%E0%B9%80%E0%B8%A5%E0%B8%97%E0%B8%B4%E0%B8%9E%E0%B8%8B%E0%B8%B5%E0%B8%9F%E0%B8%B9%E0%B9%89%E0%B8%94-%E0%B8%A3%E0%B8%B1%E0%B8%87%E0%B8%AA%E0%B8%B4%E0%B8%95%E0%B8%84%E0%B8%A5%E0%B8%AD%E0%B8%874.jpeg,ร้านอาหาร
Seabar Buffet,มาเปลี่ยนฟีล เอาใจสายกินกันบ้างค่ะ Seabar Buffet เมืองเอก บอกเลยว่าเค้ายกทะเลมาไว้ที่นี่แล้วจ้า กินกันได้ไม่อั้นทั้งกุ้ง หอย ปู ปลา กั้ง ทั้งสะอาด สด ดีต่อใจไม่ไหว ! แถมราคาก็คุ้มสุดๆ คนละ 299 ก็อิ่มได้แบบฟินๆ ไม่ต้องไปกินไกลถึงทะเลก็อร่อยได้ใกล้กรุงเทพฯ ต้องไปซะแล้ววว,51/163 หมู่ 7 ถ.เอกบูรพา ต.หลักหก อ.เมือง จ.ปทุมธานี,https://scontent.fbkk12-4.fna.fbcdn.net/v/t39.30808-6/327217095_914665266210831_29463445001489009_n.jpg?_nc_cat=109&ccb=1-7&_nc_sid=cc71e4&_nc_ohc=avtDiKL6EcEQ7kNvgHCgvdG&_nc_ht=scontent.fbkk12-4.fna&_nc_gid=AHJgteJ7aklqWmb2CloksJg&oh=00_AYCUE44cxcOhA1FcCTCEbMakcW8NgBYX6IqygKLF2kilCA&oe=6708423D,ร้านอาหาร
สยามกรุง กุ้งเผา, อร่อยกันต่อไม่หยุด สยามกรุง กุ้งเผา ร้านอาหารทะเลสดๆ คุณภาพดี ราคาถูกดีต่อใจ ดีต่อกระเป๋าตัง บอกเลยว่ามีหลายเมนูซีฟู้ดให้เลือกแบบละลานตา แถมยังรสชาติดีต่อใจอีกด้วย ไม่ว่าจะเป็นแยกทีละเมนู หรือจะสั่งเป็นเซ็ตที่ทางร้านจัดให้ก็คุ้มยิ่งขึ้นไปอีก! เป็นอีกหนึ่งร้านอาหารทะเล ในปทุมธานี ที่น่าพาครอบครัวมาทานกันค่ะ,9/20 ถ.ปทุม-สามโคก ต.บางปรอก อ.เมือง จ.ปทุมธานี,https://scontent.fbkk12-1.fna.fbcdn.net/v/t39.30808-6/314501601_498617828952137_4039238593510384634_n.jpg?_nc_cat=106&ccb=1-7&_nc_sid=cc71e4&_nc_ohc=YUJENZRndMcQ7kNvgGFWDe3&_nc_ht=scontent.fbkk12-1.fna&_nc_gid=AfDpKcW1lo8CTJMoYPCOoQx&oh=00_AYB0jrxDPPgM7pCvxtUXRioG_YX4WrtunQsdsJCqZp-Jjw&oe=67082F5C,ร้านอาหาร
ดาวอังคารหมูกระทะ&ซีฟู้ด ปุฟเฟ่ต์,ขอฟินแบบไม่อั้น! ที่ร้าน ดาวอังคารหมูกระทะ ดาวอังคารหมูกระทะ&ซีฟู้ด ปุฟเฟ่ต์ บอกเลยว่าอร่อยครบจบในที่เดียวแบบสุดคุ้มมีอยู่จริง! กับบุฟเฟ่ต์ซีฟู้ดที่อิ่มอร่อยไม่อั้น แถมยังไม่จำกัดเวลาอีกด้วย และยังฟรีเตาย่างไปอีกกก! มีเมนูให้เลือกแบบละลานตาสุดๆ ขนกันมาทั้งทะเลเลยทีเดียวค่ะ สายกินจะพลาดไม่ได้แล้วน้า ตามไปเลยลุยยย,99 หมู่ 2 ถ.รังสิต - นครนายก ต.บึงยี่โถ อ.ธัญบุรี จ.ปทุมธานี,https://files.thailandtourismdirectory.go.th/assets/upload/2018/12/26/201812268b53a77948f32a744480dcaf45837ed3164552.jpg,ร้านอาหาร
จอมโหด บุฟเฟ่ต์,จอมโหดDelivery บุฟเฟ่ต์ อิ่มอร่อยได้แบบไม่อั้น กับซี่โครงหมูนุ่มๆ หลุดร่อน เสิร์ฟพร้อมซอสสูตรเด็ดของทางร้าน เสริฟไม่อั้น ไหนจะมีซีฟู้ดถัง กุ้งสดๆ ไซส์จัมโบ้ อาหารทะเล สดใหม่ทุกวัน คลุกเคล้าซอส บอกเลยว่าใครได้ลองก็ต้องยิ้ม อร่อยคุ้มสุดๆ แบบนี้ ไม่ไปลองไม่ได้แล้วค่า ,ต.บางขะแยง อ.เมือง จ.ปทุมธานี,https://scontent.fbkk8-3.fna.fbcdn.net/v/t39.30808-6/297402862_1385689768592473_4548946901664861984_n.jpg?stp=dst-jpg_s720x720&_nc_cat=108&ccb=1-7&_nc_sid=833d8c&_nc_ohc=719CalInbh8Q7kNvgHxpiOU&_nc_ht=scontent.fbkk8-3.fna&_nc_gid=AXeLOvZKPMqWK_sBBuX7-zh&oh=00_AYBRarCLU4DnU6_NUAGyhiLGq9tF20qBaJmQw78DeSu1cw&oe=6708341B,ร้านอาหาร
แนบเนื้อ รังสิต,แนบเนื้อ บอกได้เลยว่าเนื้อเขาดีงามมาก คัดสรรมาอย่างดีจากเนื้อวัวชั้นเยี่ยม และเนื้อหายากก็มีนะ ที่นี่ไม่ได้มีดีแค่เนื้อวัว เมนูอื่น ๆ ก็ดีงามไม่แพ้กัน ห้ามพลาดเลยคือ ซอสทรัฟเฟิล เป็นสูตรที่ทางร้านคิดมาเอง บรรยากาศของร้านดี มีหลายโซนให้ได้เลือกสรร ปริมาณและคุณภาพของอาหารเหมาะสมกับราคา รสชาติดี ทานง่าย บริการดีเยี่ยมพร้อมแนะนำเมนูกับลูกค้า,51/084 ถนน เอกทักษิณ ตำบล หลักหก อำเภอเมือง ปทุมธานี 12000,https://cms.dmpcdn.com/food/2022/11/16/4c47d700-657c-11ed-ab80-9d60b3598053_original.jpg,ร้านอาหาร